Handle,Title,Body (HTML),Vendor,Type,Tags,Published,Option1 Name,Option1 Value,Option2 Name,Option2 Value,Option3 Name,Option3 Value,Variant SKU,Variant Grams,Variant Inventory Tracker,Variant Inventory Qty,Variant Inventory Policy,Variant Fulfillment Service,Variant Price,Variant Compare At Price,Variant Requires Shipping,Variant Taxable,Variant Barcode,Image Src,Image Position,Image Alt Text,Gift Card,SEO Title,SEO Description,Google Shopping / Google Product Category,Google Shopping / Gender,Google Shopping / Age Group,Google Shopping / MPN,Google Shopping / AdWords Grouping,Google Shopping / AdWords Labels,Google Shopping / Condition,Google Shopping / Custom Product,Google Shopping / Custom Label 0,Google Shopping / Custom Label 1,Google Shopping / Custom Label 2,Google Shopping / Custom Label 3,Google Shopping / Custom Label 4,Variant Image,Variant Weight Unit,Variant Tax Code
military-classic-backpack-sac-a-dos-classique-militaire,Military Classic Backpack | Sac à dos classique militaire,"<p>The main compartment of our bag is made using only two large pieces of 100% full-grain boot leather. Two outside pockets for quick access to gear. Shoulder straps are adjustable from both ends and flair out at the bottom to accommodate all body types. Rivets at all stress points. The main compartment of our bag is made using only two large pieces of 100% full-grain boot leather. Two outside pockets for quick access to gear. Shoulder straps are adjustable from both ends and flair out at the bottom to accommodate all body types. Rivets at all stress points</p>
<p>[lang2]</p>
<p>Le compartiment principal de notre sac est fabriqué à l'aide de deux gros morceaux de 100% cuir de démarrage pleine fleur. Deux poches extérieures pour un accès rapide aux engins. Les bretelles sont réglables des deux extrémités et Flair au fond pour accueillir tous les types de corps. Rivets à tous les points de stress. Le compartiment principal de notre sac est fabriqué à l'aide de deux gros morceaux de 100% cuir de démarrage pleine fleur. Deux poches extérieures pour un accès rapide aux engins. Les bretelles sont réglables des deux extrémités et Flair au fond pour accueillir tous les types de corps. Rivets à tous les points de stress</p>",mr.bara-01,"","0 - 49$, Beige, Gray, XS",true,Size,xs,Color,Gray,,,#ABC123456,0,,1,deny,manual,25.00,,true,true,"",https://cdn.shopify.com/s/files/1/1679/8493/products/a1.jpg?v=1482890734,1,,false,,,,,,,,,,,,,,,,https://cdn.shopify.com/s/files/1/1679/8493/products/a1.jpg?v=1482890734,kg,
military-classic-backpack-sac-a-dos-classique-militaire,,,,,,,,xs,,Beige,,,#ABC123455,0,,1,deny,manual,25.00,,true,true,"",https://cdn.shopify.com/s/files/1/1679/8493/products/a2.jpg?v=1482890734,2,,,,,,,,,,,,,,,,,,https://cdn.shopify.com/s/files/1/1679/8493/products/a2.jpg?v=1482890734,kg,
military-classic-backpack-sac-a-dos-classique-militaire,,,,,,,,L,,Gray,,,#ABC12,0,,1,deny,manual,25.00,,true,true,"",https://cdn.shopify.com/s/files/1/1679/8493/products/a3.jpg?v=1482890734,3,,,,,,,,,,,,,,,,,,https://cdn.shopify.com/s/files/1/1679/8493/products/a3.jpg?v=1482890734,kg,
military-classic-backpack-sac-a-dos-classique-militaire,,,,,,,,L,,Beige,,,#ABC123,0,,1,deny,manual,25.00,,true,true,"",https://cdn.shopify.com/s/files/1/1679/8493/products/a4.jpg?v=1482890734,4,,,,,,,,,,,,,,,,,,https://cdn.shopify.com/s/files/1/1679/8493/products/a4.jpg?v=1482890734,kg,
black-novel-duffles-nouveaux-duffel-noirs,Black Novel Duffles | nouveaux duffel noirs,"<p>The main compartment of our bag is made using only two large pieces of 100% full-grain boot leather. Two outside pockets for quick access to gear. Shoulder straps are adjustable from both ends and flair out at the bottom to accommodate all body types. Rivets at all stress points. The main compartment of our bag is made using only two large pieces of 100% full-grain boot leather. Two outside pockets for quick access to gear. Shoulder straps are adjustable from both ends and flair out at the bottom to accommodate all body types. Rivets at all stress points</p>
<p>[lang2]</p>
<p>Le compartiment principal de notre sac est fabriqué à l'aide de deux gros morceaux de 100% cuir de démarrage pleine fleur. Deux poches extérieures pour un accès rapide aux engins. Les bretelles sont réglables des deux extrémités et Flair au fond pour accueillir tous les types de corps. Rivets à tous les points de stress. Le compartiment principal de notre sac est fabriqué à l'aide de deux gros morceaux de 100% cuir de démarrage pleine fleur. Deux poches extérieures pour un accès rapide aux engins. Les bretelles sont réglables des deux extrémités et Flair au fond pour accueillir tous les types de corps. Rivets à tous les points de stress</p>",mr.bara-01,"","100$ - 149$, Gray, M, Red, XL",true,Size,M,Color,Gray,,,"",0,,1,deny,manual,100.00,,true,true,"",https://cdn.shopify.com/s/files/1/1679/8493/products/b1.jpg?v=1482890719,1,,false,,,,,,,,,,,,,,,,https://cdn.shopify.com/s/files/1/1679/8493/products/b1.jpg?v=1482890719,kg,
black-novel-duffles-nouveaux-duffel-noirs,,,,,,,,M,,Beige,,,"",0,,1,deny,manual,100.00,,true,true,"",https://cdn.shopify.com/s/files/1/1679/8493/products/b2.jpg?v=1482890719,2,,,,,,,,,,,,,,,,,,https://cdn.shopify.com/s/files/1/1679/8493/products/b2.jpg?v=1482890719,kg,
black-novel-duffles-nouveaux-duffel-noirs,,,,,,,,XL,,Gray,,,"",0,,1,deny,manual,100.00,,true,true,"",https://cdn.shopify.com/s/files/1/1679/8493/products/b3.jpg?v=1482890719,3,,,,,,,,,,,,,,,,,,https://cdn.shopify.com/s/files/1/1679/8493/products/b3.jpg?v=1482890719,kg,
black-novel-duffles-nouveaux-duffel-noirs,,,,,,,,XL,,Beige,,,"",0,,1,deny,manual,100.00,,true,true,"",https://cdn.shopify.com/s/files/1/1679/8493/products/b4.jpg?v=1482890719,4,,,,,,,,,,,,,,,,,,https://cdn.shopify.com/s/files/1/1679/8493/products/b4.jpg?v=1482890719,kg,
grey-dawson-backpack-gris-dawson-sac-a-dos,grey dawson backpack | gris dawson sac à dos,"<p>The main compartment of our bag is made using only two large pieces of 100% full-grain boot leather. Two outside pockets for quick access to gear. Shoulder straps are adjustable from both ends and flair out at the bottom to accommodate all body types. Rivets at all stress points. The main compartment of our bag is made using only two large pieces of 100% full-grain boot leather. Two outside pockets for quick access to gear. Shoulder straps are adjustable from both ends and flair out at the bottom to accommodate all body types. Rivets at all stress points</p>
<p>[lang2]</p>
<p>Le compartiment principal de notre sac est fabriqué à l'aide de deux gros morceaux de 100% cuir de démarrage pleine fleur. Deux poches extérieures pour un accès rapide aux engins. Les bretelles sont réglables des deux extrémités et Flair au fond pour accueillir tous les types de corps. Rivets à tous les points de stress. Le compartiment principal de notre sac est fabriqué à l'aide de deux gros morceaux de 100% cuir de démarrage pleine fleur. Deux poches extérieures pour un accès rapide aux engins. Les bretelles sont réglables des deux extrémités et Flair au fond pour accueillir tous les types de corps. Rivets à tous les points de stress</p>",mr.bara-01,"","50$ - 99$, Blue, M, Pink, S",true,Size,M,Color,Blue,,,"",0,,1,deny,manual,51.00,,true,true,"",https://cdn.shopify.com/s/files/1/1679/8493/products/c1.jpg?v=1482890707,1,,false,,,,,,,,,,,,,,,,,kg,
grey-dawson-backpack-gris-dawson-sac-a-dos,,,,,,,,M,,Pink,,,"",0,,1,deny,manual,51.00,,true,true,"",https://cdn.shopify.com/s/files/1/1679/8493/products/c2.jpg?v=1482890707,2,,,,,,,,,,,,,,,,,,,kg,
grey-dawson-backpack-gris-dawson-sac-a-dos,,,,,,,,S,,Blue,,,"",0,,1,deny,manual,51.00,,true,true,"",https://cdn.shopify.com/s/files/1/1679/8493/products/c3.jpg?v=1482890707,3,,,,,,,,,,,,,,,,,,,kg,
grey-dawson-backpack-gris-dawson-sac-a-dos,,,,,,,,S,,Pink,,,"",0,,1,deny,manual,51.00,,true,true,"",https://cdn.shopify.com/s/files/1/1679/8493/products/c4.jpg?v=1482890707,4,,,,,,,,,,,,,,,,,,,kg,
navy-settlement-case-marine-cas-de-reglement,navy settlement case | marine cas de règlement,"<p>The main compartment of our bag is made using only two large pieces of 100% full-grain boot leather. Two outside pockets for quick access to gear. Shoulder straps are adjustable from both ends and flair out at the bottom to accommodate all body types. Rivets at all stress points. The main compartment of our bag is made using only two large pieces of 100% full-grain boot leather. Two outside pockets for quick access to gear. Shoulder straps are adjustable from both ends and flair out at the bottom to accommodate all body types. Rivets at all stress points</p>
<p>[lang2]</p>
<p>Le compartiment principal de notre sac est fabriqué à l'aide de deux gros morceaux de 100% cuir de démarrage pleine fleur. Deux poches extérieures pour un accès rapide aux engins. Les bretelles sont réglables des deux extrémités et Flair au fond pour accueillir tous les types de corps. Rivets à tous les points de stress. Le compartiment principal de notre sac est fabriqué à l'aide de deux gros morceaux de 100% cuir de démarrage pleine fleur. Deux poches extérieures pour un accès rapide aux engins. Les bretelles sont réglables des deux extrémités et Flair au fond pour accueillir tous les types de corps. Rivets à tous les points de stress</p>",mr.bara-01,"","100$ - 149$, 50$ - 99$, Blue, M, Pink, Red, S, XL",true,Size,M,Color,Blue,,,"",0,,1,deny,manual,51.00,,true,true,"",https://cdn.shopify.com/s/files/1/1679/8493/products/d1.jpg?v=1482890696,1,,false,,,,,,,,,,,,,,,,https://cdn.shopify.com/s/files/1/1679/8493/products/d1.jpg?v=1482890696,kg,
navy-settlement-case-marine-cas-de-reglement,,,,,,,,M,,Pink,,,"",0,,1,deny,manual,51.00,,true,true,"",https://cdn.shopify.com/s/files/1/1679/8493/products/d2.jpg?v=1482890696,2,,,,,,,,,,,,,,,,,,https://cdn.shopify.com/s/files/1/1679/8493/products/d3.jpg?v=1482890696,kg,
navy-settlement-case-marine-cas-de-reglement,,,,,,,,S,,Blue,,,"",0,,1,deny,manual,51.00,,true,true,"",https://cdn.shopify.com/s/files/1/1679/8493/products/d3.jpg?v=1482890696,3,,,,,,,,,,,,,,,,,,https://cdn.shopify.com/s/files/1/1679/8493/products/d2.jpg?v=1482890696,kg,
navy-settlement-case-marine-cas-de-reglement,,,,,,,,S,,Pink,,,"",0,,1,deny,manual,51.00,,true,true,"",,,,,,,,,,,,,,,,,,,,https://cdn.shopify.com/s/files/1/1679/8493/products/d1.jpg?v=1482890696,kg,
navy-settlement-case-marine-cas-de-reglement,,,,,,,,XL,,Red,,,"",0,,1,deny,manual,51.00,,true,true,"",,,,,,,,,,,,,,,,,,,,https://cdn.shopify.com/s/files/1/1679/8493/products/d3.jpg?v=1482890696,kg,
mens-cos-leather-bag-mens-cos-sac-en-cuir,mens cos leather bag | mens cos sac en cuir,"<p>The main compartment of our bag is made using only two large pieces of 100% full-grain boot leather. Two outside pockets for quick access to gear. Shoulder straps are adjustable from both ends and flair out at the bottom to accommodate all body types. Rivets at all stress points. The main compartment of our bag is made using only two large pieces of 100% full-grain boot leather. Two outside pockets for quick access to gear. Shoulder straps are adjustable from both ends and flair out at the bottom to accommodate all body types. Rivets at all stress points</p>
<p>[lang2]</p>
<p>Le compartiment principal de notre sac est fabriqué à l'aide de deux gros morceaux de 100% cuir de démarrage pleine fleur. Deux poches extérieures pour un accès rapide aux engins. Les bretelles sont réglables des deux extrémités et Flair au fond pour accueillir tous les types de corps. Rivets à tous les points de stress. Le compartiment principal de notre sac est fabriqué à l'aide de deux gros morceaux de 100% cuir de démarrage pleine fleur. Deux poches extérieures pour un accès rapide aux engins. Les bretelles sont réglables des deux extrémités et Flair au fond pour accueillir tous les types de corps. Rivets à tous les points de stress</p>",mr.bara-01,"","100$ - 149$, 200$ - 500$, Blue, M, Pink, Red, S, XL",true,Size,M,Color,Blue,,,#ABC001,0,,1,deny,manual,200.00,,true,true,"",https://cdn.shopify.com/s/files/1/1679/8493/products/e1.jpg?v=1482890687,1,,false,,,,,,,,,,,,,,,,https://cdn.shopify.com/s/files/1/1679/8493/products/e1.jpg?v=1482890687,kg,
mens-cos-leather-bag-mens-cos-sac-en-cuir,,,,,,,,M,,Pink,,,#ABC002,0,,1,deny,manual,200.00,,true,true,"",https://cdn.shopify.com/s/files/1/1679/8493/products/e2.jpg?v=1482890687,2,,,,,,,,,,,,,,,,,,https://cdn.shopify.com/s/files/1/1679/8493/products/e3.jpg?v=1482890687,kg,
mens-cos-leather-bag-mens-cos-sac-en-cuir,,,,,,,,S,,Blue,,,#ABC003,0,,1,deny,manual,200.00,,true,true,"",https://cdn.shopify.com/s/files/1/1679/8493/products/e3.jpg?v=1482890687,3,,,,,,,,,,,,,,,,,,https://cdn.shopify.com/s/files/1/1679/8493/products/e2.jpg?v=1482890687,kg,
mens-cos-leather-bag-mens-cos-sac-en-cuir,,,,,,,,S,,Pink,,,#ABC004,0,,1,deny,manual,200.00,,true,true,"",https://cdn.shopify.com/s/files/1/1679/8493/products/e4.jpg?v=1482890687,4,,,,,,,,,,,,,,,,,,https://cdn.shopify.com/s/files/1/1679/8493/products/e4.jpg?v=1482890687,kg,
mens-cos-leather-bag-mens-cos-sac-en-cuir,,,,,,,,XL,,Red,,,#ABC005,0,,1,deny,manual,200.00,,true,true,"",,,,,,,,,,,,,,,,,,,,https://cdn.shopify.com/s/files/1/1679/8493/products/e2.jpg?v=1482890687,kg,
men-s-duffel-bags-polochons-sacs-pour-hommes,men’s duffel bags | polochons sacs pour hommes,"<p>The main compartment of our bag is made using only two large pieces of 100% full-grain boot leather. Two outside pockets for quick access to gear. Shoulder straps are adjustable from both ends and flair out at the bottom to accommodate all body types. Rivets at all stress points. The main compartment of our bag is made using only two large pieces of 100% full-grain boot leather. Two outside pockets for quick access to gear. Shoulder straps are adjustable from both ends and flair out at the bottom to accommodate all body types. Rivets at all stress points</p>
<p>[lang2]</p>
<p>Le compartiment principal de notre sac est fabriqué à l'aide de deux gros morceaux de 100% cuir de démarrage pleine fleur. Deux poches extérieures pour un accès rapide aux engins. Les bretelles sont réglables des deux extrémités et Flair au fond pour accueillir tous les types de corps. Rivets à tous les points de stress. Le compartiment principal de notre sac est fabriqué à l'aide de deux gros morceaux de 100% cuir de démarrage pleine fleur. Deux poches extérieures pour un accès rapide aux engins. Les bretelles sont réglables des deux extrémités et Flair au fond pour accueillir tous les types de corps. Rivets à tous les points de stress</p>",mr.bara-01,"","0 - 49$, 100$ - 149$, Blue, Red, XL, XS",true,Title,Default Title,,,,,"",0,,1,deny,manual,150.00,200.00,true,true,"",https://cdn.shopify.com/s/files/1/1679/8493/products/f1.jpg?v=1482890675,1,,false,,,,,,,,,,,,,,,,,kg,
men-s-duffel-bags-polochons-sacs-pour-hommes,,,,,,,,,,,,,,,,,,,,,,,,https://cdn.shopify.com/s/files/1/1679/8493/products/f2.jpg?v=1482890675,2,,,,,,,,,,,,,,,,,,,,
men-s-duffel-bags-polochons-sacs-pour-hommes,,,,,,,,,,,,,,,,,,,,,,,,https://cdn.shopify.com/s/files/1/1679/8493/products/f3.jpg?v=1482890675,3,,,,,,,,,,,,,,,,,,,,
men-s-duffel-bags-polochons-sacs-pour-hommes,,,,,,,,,,,,,,,,,,,,,,,,https://cdn.shopify.com/s/files/1/1679/8493/products/f4.jpg?v=1482890675,4,,,,,,,,,,,,,,,,,,,,
men-s-bags-backpacks-sacs-et-sacs-a-dos-des-hommes,men’s bags & backpacks | sacs et sacs à dos des hommes,"<p>The main compartment of our bag is made using only two large pieces of 100% full-grain boot leather. Two outside pockets for quick access to gear. Shoulder straps are adjustable from both ends and flair out at the bottom to accommodate all body types. Rivets at all stress points. The main compartment of our bag is made using only two large pieces of 100% full-grain boot leather. Two outside pockets for quick access to gear. Shoulder straps are adjustable from both ends and flair out at the bottom to accommodate all body types. Rivets at all stress points</p>
<p>[lang2]</p>
<p>Le compartiment principal de notre sac est fabriqué à l'aide de deux gros morceaux de 100% cuir de démarrage pleine fleur. Deux poches extérieures pour un accès rapide aux engins. Les bretelles sont réglables des deux extrémités et Flair au fond pour accueillir tous les types de corps. Rivets à tous les points de stress. Le compartiment principal de notre sac est fabriqué à l'aide de deux gros morceaux de 100% cuir de démarrage pleine fleur. Deux poches extérieures pour un accès rapide aux engins. Les bretelles sont réglables des deux extrémités et Flair au fond pour accueillir tous les types de corps. Rivets à tous les points de stress</p>",mr.bara-01,"","200$ - 500$, Blue, Pink, XL",true,Title,Default Title,,,,,"",0,,1,deny,manual,250.00,,true,true,"",https://cdn.shopify.com/s/files/1/1679/8493/products/g1.jpg?v=1482890663,1,,false,,,,,,,,,,,,,,,,,kg,
men-s-bags-backpacks-sacs-et-sacs-a-dos-des-hommes,,,,,,,,,,,,,,,,,,,,,,,,https://cdn.shopify.com/s/files/1/1679/8493/products/g2.jpg?v=1482890663,2,,,,,,,,,,,,,,,,,,,,
men-s-bags-backpacks-sacs-et-sacs-a-dos-des-hommes,,,,,,,,,,,,,,,,,,,,,,,,https://cdn.shopify.com/s/files/1/1679/8493/products/g3.jpg?v=1482890663,3,,,,,,,,,,,,,,,,,,,,
laptop-backpacks-sacs-a-dos-pour-ordinateur-portable,laptop backpacks | sacs à dos pour ordinateur portable,"<p>The main compartment of our bag is made using only two large pieces of 100% full-grain boot leather. Two outside pockets for quick access to gear. Shoulder straps are adjustable from both ends and flair out at the bottom to accommodate all body types. Rivets at all stress points. The main compartment of our bag is made using only two large pieces of 100% full-grain boot leather. Two outside pockets for quick access to gear. Shoulder straps are adjustable from both ends and flair out at the bottom to accommodate all body types. Rivets at all stress points</p>
<p>[lang2]</p>
<p>Le compartiment principal de notre sac est fabriqué à l'aide de deux gros morceaux de 100% cuir de démarrage pleine fleur. Deux poches extérieures pour un accès rapide aux engins. Les bretelles sont réglables des deux extrémités et Flair au fond pour accueillir tous les types de corps. Rivets à tous les points de stress. Le compartiment principal de notre sac est fabriqué à l'aide de deux gros morceaux de 100% cuir de démarrage pleine fleur. Deux poches extérieures pour un accès rapide aux engins. Les bretelles sont réglables des deux extrémités et Flair au fond pour accueillir tous les types de corps. Rivets à tous les points de stress</p>",mr.bara-01,"","50$ - 99$, Beige, XS",true,Size,M,Color,Black,,,#XYZ2221,0,,1,deny,manual,250.00,300.00,true,true,"",https://cdn.shopify.com/s/files/1/1679/8493/products/h1.jpg?v=1482890652,1,,false,,,,,,,,,,,,,,,,https://cdn.shopify.com/s/files/1/1679/8493/products/h1.jpg?v=1482890652,kg,
laptop-backpacks-sacs-a-dos-pour-ordinateur-portable,,,,,,,,M,,Red,,,#XYZ2222,0,,1,deny,manual,250.00,300.00,true,true,"",https://cdn.shopify.com/s/files/1/1679/8493/products/h2.jpg?v=1482890652,2,,,,,,,,,,,,,,,,,,https://cdn.shopify.com/s/files/1/1679/8493/products/h2.jpg?v=1482890652,kg,
laptop-backpacks-sacs-a-dos-pour-ordinateur-portable,,,,,,,,M,,Gray,,,#XYZ2223,0,,1,deny,manual,250.00,300.00,true,true,"",https://cdn.shopify.com/s/files/1/1679/8493/products/h3.jpg?v=1482890652,3,,,,,,,,,,,,,,,,,,https://cdn.shopify.com/s/files/1/1679/8493/products/h3.jpg?v=1482890652,kg,
laptop-backpacks-sacs-a-dos-pour-ordinateur-portable,,,,,,,,L,,Black,,,#XYZ2224,0,,1,deny,manual,250.00,300.00,true,true,"",https://cdn.shopify.com/s/files/1/1679/8493/products/h4.jpg?v=1482890652,4,,,,,,,,,,,,,,,,,,https://cdn.shopify.com/s/files/1/1679/8493/products/h4.jpg?v=1482890652,kg,
laptop-backpacks-sacs-a-dos-pour-ordinateur-portable,,,,,,,,L,,Red,,,#XYZ2225,0,,1,deny,manual,250.00,300.00,true,true,"",,,,,,,,,,,,,,,,,,,,https://cdn.shopify.com/s/files/1/1679/8493/products/h3.jpg?v=1482890652,kg,
laptop-backpacks-sacs-a-dos-pour-ordinateur-portable,,,,,,,,L,,Gray,,,#XYZ2226,0,,1,deny,manual,250.00,300.00,true,true,"",,,,,,,,,,,,,,,,,,,,https://cdn.shopify.com/s/files/1/1679/8493/products/h2.jpg?v=1482890652,kg,
laptop-backpacks-sacs-a-dos-pour-ordinateur-portable,,,,,,,,XS,,Black,,,#XYZ2227,0,,1,deny,manual,250.00,300.00,true,true,"",,,,,,,,,,,,,,,,,,,,https://cdn.shopify.com/s/files/1/1679/8493/products/h1.jpg?v=1482890652,kg,
laptop-backpacks-sacs-a-dos-pour-ordinateur-portable,,,,,,,,XS,,Red,,,#XYZ2228,0,,1,deny,manual,250.00,300.00,true,true,"",,,,,,,,,,,,,,,,,,,,https://cdn.shopify.com/s/files/1/1679/8493/products/h2.jpg?v=1482890652,kg,
laptop-backpacks-sacs-a-dos-pour-ordinateur-portable,,,,,,,,XS,,Gray,,,#XYZ2229,0,,1,deny,manual,250.00,300.00,true,true,"",,,,,,,,,,,,,,,,,,,,https://cdn.shopify.com/s/files/1/1679/8493/products/h4.jpg?v=1482890652,kg,
herschel-little-america-herschel-peu-amerique,herschel little america |  herschel peu amérique,"<p>The main compartment of our bag is made using only two large pieces of 100% full-grain boot leather. Two outside pockets for quick access to gear. Shoulder straps are adjustable from both ends and flair out at the bottom to accommodate all body types. Rivets at all stress points. The main compartment of our bag is made using only two large pieces of 100% full-grain boot leather. Two outside pockets for quick access to gear. Shoulder straps are adjustable from both ends and flair out at the bottom to accommodate all body types. Rivets at all stress points</p>
<p>[lang2]</p>
<p>Le compartiment principal de notre sac est fabriqué à l'aide de deux gros morceaux de 100% cuir de démarrage pleine fleur. Deux poches extérieures pour un accès rapide aux engins. Les bretelles sont réglables des deux extrémités et Flair au fond pour accueillir tous les types de corps. Rivets à tous les points de stress. Le compartiment principal de notre sac est fabriqué à l'aide de deux gros morceaux de 100% cuir de démarrage pleine fleur. Deux poches extérieures pour un accès rapide aux engins. Les bretelles sont réglables des deux extrémités et Flair au fond pour accueillir tous les types de corps. Rivets à tous les points de stress</p>",mr.bara-01,"","100$ - 149$, Pink, S",true,Title,Default Title,,,,,"",0,,1,deny,manual,120.00,,true,true,"",https://cdn.shopify.com/s/files/1/1679/8493/products/i1.jpg?v=1482890642,1,,false,,,,,,,,,,,,,,,,,kg,
herschel-little-america-herschel-peu-amerique,,,,,,,,,,,,,,,,,,,,,,,,https://cdn.shopify.com/s/files/1/1679/8493/products/i2.jpg?v=1482890642,2,,,,,,,,,,,,,,,,,,,,
herschel-little-america-herschel-peu-amerique,,,,,,,,,,,,,,,,,,,,,,,,https://cdn.shopify.com/s/files/1/1679/8493/products/i3.jpg?v=1482890642,3,,,,,,,,,,,,,,,,,,,,
herschel-little-america-herschel-peu-amerique,,,,,,,,,,,,,,,,,,,,,,,,https://cdn.shopify.com/s/files/1/1679/8493/products/i4.jpg?v=1482890642,4,,,,,,,,,,,,,,,,,,,,
herschel-heritage-patrimoine-herschel,herschel heritage |  patrimoine herschel,"<p>The main compartment of our bag is made using only two large pieces of 100% full-grain boot leather. Two outside pockets for quick access to gear. Shoulder straps are adjustable from both ends and flair out at the bottom to accommodate all body types. Rivets at all stress points. The main compartment of our bag is made using only two large pieces of 100% full-grain boot leather. Two outside pockets for quick access to gear. Shoulder straps are adjustable from both ends and flair out at the bottom to accommodate all body types. Rivets at all stress points</p>
<p>[lang2]</p>
<p>Le compartiment principal de notre sac est fabriqué à l'aide de deux gros morceaux de 100% cuir de démarrage pleine fleur. Deux poches extérieures pour un accès rapide aux engins. Les bretelles sont réglables des deux extrémités et Flair au fond pour accueillir tous les types de corps. Rivets à tous les points de stress. Le compartiment principal de notre sac est fabriqué à l'aide de deux gros morceaux de 100% cuir de démarrage pleine fleur. Deux poches extérieures pour un accès rapide aux engins. Les bretelles sont réglables des deux extrémités et Flair au fond pour accueillir tous les types de corps. Rivets à tous les points de stress</p>",mr.bara-01,"","0 - 49$, Gray, XL",true,Title,Default Title,,,,,"",0,,1,deny,manual,48.00,100.00,true,true,"",https://cdn.shopify.com/s/files/1/1679/8493/products/j1.jpg?v=1482890629,1,,false,,,,,,,,,,,,,,,,,kg,
herschel-heritage-patrimoine-herschel,,,,,,,,,,,,,,,,,,,,,,,,https://cdn.shopify.com/s/files/1/1679/8493/products/j2.jpg?v=1482890629,2,,,,,,,,,,,,,,,,,,,,
herschel-heritage-patrimoine-herschel,,,,,,,,,,,,,,,,,,,,,,,,https://cdn.shopify.com/s/files/1/1679/8493/products/j3.jpg?v=1482890629,3,,,,,,,,,,,,,,,,,,,,
herschel-heritage-patrimoine-herschel,,,,,,,,,,,,,,,,,,,,,,,,https://cdn.shopify.com/s/files/1/1679/8493/products/j4.jpg?v=1482890629,4,,,,,,,,,,,,,,,,,,,,
herschel-supply-herschel-approvisionnement,herschel supply |   herschel approvisionnement,"<p>The main compartment of our bag is made using only two large pieces of 100% full-grain boot leather. Two outside pockets for quick access to gear. Shoulder straps are adjustable from both ends and flair out at the bottom to accommodate all body types. Rivets at all stress points. The main compartment of our bag is made using only two large pieces of 100% full-grain boot leather. Two outside pockets for quick access to gear. Shoulder straps are adjustable from both ends and flair out at the bottom to accommodate all body types. Rivets at all stress points</p>
<p>[lang2]</p>
<p>Le compartiment principal de notre sac est fabriqué à l'aide de deux gros morceaux de 100% cuir de démarrage pleine fleur. Deux poches extérieures pour un accès rapide aux engins. Les bretelles sont réglables des deux extrémités et Flair au fond pour accueillir tous les types de corps. Rivets à tous les points de stress. Le compartiment principal de notre sac est fabriqué à l'aide de deux gros morceaux de 100% cuir de démarrage pleine fleur. Deux poches extérieures pour un accès rapide aux engins. Les bretelles sont réglables des deux extrémités et Flair au fond pour accueillir tous les types de corps. Rivets à tous les points de stress</p>",mr.bara-01,"","50$ - 99$, Red, XS",true,Title,Default Title,,,,,"",0,,1,deny,manual,99.00,,true,true,"",https://cdn.shopify.com/s/files/1/1679/8493/products/k1.jpg?v=1482890617,1,,false,,,,,,,,,,,,,,,,,kg,
herschel-supply-herschel-approvisionnement,,,,,,,,,,,,,,,,,,,,,,,,https://cdn.shopify.com/s/files/1/1679/8493/products/k2.jpg?v=1482890617,2,,,,,,,,,,,,,,,,,,,,
herschel-supply-herschel-approvisionnement,,,,,,,,,,,,,,,,,,,,,,,,https://cdn.shopify.com/s/files/1/1679/8493/products/k3.jpg?v=1482890617,3,,,,,,,,,,,,,,,,,,,,
herschel-supply-herschel-approvisionnement,,,,,,,,,,,,,,,,,,,,,,,,https://cdn.shopify.com/s/files/1/1679/8493/products/k4.jpg?v=1482890617,4,,,,,,,,,,,,,,,,,,,,
heritage-backpack-sac-a-dos-du-patrimoine,heritage backpack | sac à dos du patrimoine,"<p>The main compartment of our bag is made using only two large pieces of 100% full-grain boot leather. Two outside pockets for quick access to gear. Shoulder straps are adjustable from both ends and flair out at the bottom to accommodate all body types. Rivets at all stress points. The main compartment of our bag is made using only two large pieces of 100% full-grain boot leather. Two outside pockets for quick access to gear. Shoulder straps are adjustable from both ends and flair out at the bottom to accommodate all body types. Rivets at all stress points</p>
<p>[lang2]</p>
<p>Le compartiment principal de notre sac est fabriqué à l'aide de deux gros morceaux de 100% cuir de démarrage pleine fleur. Deux poches extérieures pour un accès rapide aux engins. Les bretelles sont réglables des deux extrémités et Flair au fond pour accueillir tous les types de corps. Rivets à tous les points de stress. Le compartiment principal de notre sac est fabriqué à l'aide de deux gros morceaux de 100% cuir de démarrage pleine fleur. Deux poches extérieures pour un accès rapide aux engins. Les bretelles sont réglables des deux extrémités et Flair au fond pour accueillir tous les types de corps. Rivets à tous les points de stress</p>",mr.bara-01,"","200$ - 500$, 50$ - 99$, Gray, XL",true,Title,Default Title,,,,,"",0,,1,deny,manual,300.00,500.00,true,true,"",https://cdn.shopify.com/s/files/1/1679/8493/products/l1.jpg?v=1482890605,1,,false,,,,,,,,,,,,,,,,,kg,
heritage-backpack-sac-a-dos-du-patrimoine,,,,,,,,,,,,,,,,,,,,,,,,https://cdn.shopify.com/s/files/1/1679/8493/products/l2.jpg?v=1482890605,2,,,,,,,,,,,,,,,,,,,,
heritage-backpack-sac-a-dos-du-patrimoine,,,,,,,,,,,,,,,,,,,,,,,,https://cdn.shopify.com/s/files/1/1679/8493/products/l3.jpg?v=1482890605,3,,,,,,,,,,,,,,,,,,,,
little-america-backpack-petit-sac-a-dos-amerique,little america backpack | petit sac à dos amérique,"<p>The main compartment of our bag is made using only two large pieces of 100% full-grain boot leather. Two outside pockets for quick access to gear. Shoulder straps are adjustable from both ends and flair out at the bottom to accommodate all body types. Rivets at all stress points. The main compartment of our bag is made using only two large pieces of 100% full-grain boot leather. Two outside pockets for quick access to gear. Shoulder straps are adjustable from both ends and flair out at the bottom to accommodate all body types. Rivets at all stress points</p>
<p>[lang2]</p>
<p>Le compartiment principal de notre sac est fabriqué à l'aide de deux gros morceaux de 100% cuir de démarrage pleine fleur. Deux poches extérieures pour un accès rapide aux engins. Les bretelles sont réglables des deux extrémités et Flair au fond pour accueillir tous les types de corps. Rivets à tous les points de stress. Le compartiment principal de notre sac est fabriqué à l'aide de deux gros morceaux de 100% cuir de démarrage pleine fleur. Deux poches extérieures pour un accès rapide aux engins. Les bretelles sont réglables des deux extrémités et Flair au fond pour accueillir tous les types de corps. Rivets à tous les points de stress</p>",mr.bara-01,"","100$ - 149$, Blue, S",true,Title,Default Title,,,,,"",0,,1,deny,manual,162.00,,true,true,"",https://cdn.shopify.com/s/files/1/1679/8493/products/n1.jpg?v=1482890594,1,,false,,,,,,,,,,,,,,,,,kg,
little-america-backpack-petit-sac-a-dos-amerique,,,,,,,,,,,,,,,,,,,,,,,,https://cdn.shopify.com/s/files/1/1679/8493/products/n2.jpg?v=1482890594,2,,,,,,,,,,,,,,,,,,,,
little-america-backpack-petit-sac-a-dos-amerique,,,,,,,,,,,,,,,,,,,,,,,,https://cdn.shopify.com/s/files/1/1679/8493/products/n3.jpg?v=1482890594,3,,,,,,,,,,,,,,,,,,,,
little-america-backpack-petit-sac-a-dos-amerique,,,,,,,,,,,,,,,,,,,,,,,,https://cdn.shopify.com/s/files/1/1679/8493/products/n4.jpg?v=1482890594,4,,,,,,,,,,,,,,,,,,,,
herschel-backpack-new-herschel-sac-a-dos,herschel backpack new | herschel sac à dos,"<p>The main compartment of our bag is made using only two large pieces of 100% full-grain boot leather. Two outside pockets for quick access to gear. Shoulder straps are adjustable from both ends and flair out at the bottom to accommodate all body types. Rivets at all stress points. The main compartment of our bag is made using only two large pieces of 100% full-grain boot leather. Two outside pockets for quick access to gear. Shoulder straps are adjustable from both ends and flair out at the bottom to accommodate all body types. Rivets at all stress points</p>
<p>[lang2]</p>
<p>Le compartiment principal de notre sac est fabriqué à l'aide de deux gros morceaux de 100% cuir de démarrage pleine fleur. Deux poches extérieures pour un accès rapide aux engins. Les bretelles sont réglables des deux extrémités et Flair au fond pour accueillir tous les types de corps. Rivets à tous les points de stress. Le compartiment principal de notre sac est fabriqué à l'aide de deux gros morceaux de 100% cuir de démarrage pleine fleur. Deux poches extérieures pour un accès rapide aux engins. Les bretelles sont réglables des deux extrémités et Flair au fond pour accueillir tous les types de corps. Rivets à tous les points de stress</p>",mr.bara-01,"","200$ - 500$, M, Pink",true,Title,Default Title,,,,,"",0,,1,deny,manual,205.00,,true,true,"",https://cdn.shopify.com/s/files/1/1679/8493/products/m1.jpg?v=1482890581,1,,false,,,,,,,,,,,,,,,,,kg,
herschel-backpack-new-herschel-sac-a-dos,,,,,,,,,,,,,,,,,,,,,,,,https://cdn.shopify.com/s/files/1/1679/8493/products/m2.jpg?v=1482890581,2,,,,,,,,,,,,,,,,,,,,
herschel-backpack-new-herschel-sac-a-dos,,,,,,,,,,,,,,,,,,,,,,,,https://cdn.shopify.com/s/files/1/1679/8493/products/m3.jpg?v=1482890581,3,,,,,,,,,,,,,,,,,,,,
product,product,<p>a</p>,mr.bara-01,"","",false,Title,Default Title,,,,,53tgv,0,shopify,99,deny,manual,40.00,,true,true,"",,,,false,,,,,,,,,,,,,,,,,kg,
