Handle,Title,Body (HTML),Vendor,Type,Tags,Published,Option1 Name,Option1 Value,Option2 Name,Option2 Value,Option3 Name,Option3 Value,Variant SKU,Variant Grams,Variant Inventory Tracker,Variant Inventory Qty,Variant Inventory Policy,Variant Fulfillment Service,Variant Price,Variant Compare At Price,Variant Requires Shipping,Variant Taxable,Variant Barcode,Image Src,Image Position,Image Alt Text,Gift Card,SEO Title,SEO Description,Google Shopping / Google Product Category,Google Shopping / Gender,Google Shopping / Age Group,Google Shopping / MPN,Google Shopping / AdWords Grouping,Google Shopping / AdWords Labels,Google Shopping / Condition,Google Shopping / Custom Product,Google Shopping / Custom Label 0,Google Shopping / Custom Label 1,Google Shopping / Custom Label 2,Google Shopping / Custom Label 3,Google Shopping / Custom Label 4,Variant Image,Variant Weight Unit,Variant Tax Code
simple-gold-necklace,Simple Gold Necklace,"<p>The main compartment of our bag is made using only two large pieces of 100% full-grain boot leather. Two outside pockets for quick access to gear. Shoulder straps are adjustable from both ends and flair out at the bottom to accommodate all body types. Rivets at all stress points. The main compartment of our bag is made using only two large pieces of 100% full-grain boot leather. Two outside pockets for quick access to gear. Shoulder straps are adjustable from both ends and flair out at the bottom to accommodate all body types. Rivets at all stress points</p>
<p>[lang2]</p>
<p>Le compartiment principal de notre sac est fabriqué à l'aide de deux gros morceaux de 100% cuir de démarrage pleine fleur. Deux poches extérieures pour un accès rapide aux engins. Les bretelles sont réglables des deux extrémités et Flair au fond pour accueillir tous les types de corps. Rivets à tous les points de stress. Le compartiment principal de notre sac est fabriqué à l'aide de deux gros morceaux de 100% cuir de démarrage pleine fleur. Deux poches extérieures pour un accès rapide aux engins. Les bretelles sont réglables des deux extrémités et Flair au fond pour accueillir tous les types de corps. Rivets à tous les points de stress</p>",mr.bara-01,"","100$ - 149$, Gray, M, Red, XL",true,Size,M,Color,Gray,,,"",0,,1,deny,manual,100.00,,true,true,"",https://cdn.shopify.com/s/files/1/1679/8511/products/a4.jpg?v=1483603309,1,,false,,,,,,,,,,,,,,,,https://cdn.shopify.com/s/files/1/1679/8511/products/a4.jpg?v=1483603309,kg,
simple-gold-necklace,,,,,,,,M,,Beige,,,"",0,,1,deny,manual,100.00,,true,true,"",https://cdn.shopify.com/s/files/1/1679/8511/products/a1.jpg?v=1483603310,2,,,,,,,,,,,,,,,,,,https://cdn.shopify.com/s/files/1/1679/8511/products/a1.jpg?v=1483603310,kg,
simple-gold-necklace,,,,,,,,XL,,Gray,,,"",0,,1,deny,manual,100.00,,true,true,"",https://cdn.shopify.com/s/files/1/1679/8511/products/a2.jpg?v=1483603312,3,,,,,,,,,,,,,,,,,,https://cdn.shopify.com/s/files/1/1679/8511/products/a2.jpg?v=1483603312,kg,
simple-gold-necklace,,,,,,,,XL,,Beige,,,"",0,,1,deny,manual,100.00,,true,true,"",https://cdn.shopify.com/s/files/1/1679/8511/products/a3.jpg?v=1483603314,4,,,,,,,,,,,,,,,,,,https://cdn.shopify.com/s/files/1/1679/8511/products/a3.jpg?v=1483603314,kg,
triangle-gold-necklace,Triangle Gold Necklace,"<p>The main compartment of our bag is made using only two large pieces of 100% full-grain boot leather. Two outside pockets for quick access to gear. Shoulder straps are adjustable from both ends and flair out at the bottom to accommodate all body types. Rivets at all stress points. The main compartment of our bag is made using only two large pieces of 100% full-grain boot leather. Two outside pockets for quick access to gear. Shoulder straps are adjustable from both ends and flair out at the bottom to accommodate all body types. Rivets at all stress points</p>
<p>[lang2]</p>
<p>Le compartiment principal de notre sac est fabriqué à l'aide de deux gros morceaux de 100% cuir de démarrage pleine fleur. Deux poches extérieures pour un accès rapide aux engins. Les bretelles sont réglables des deux extrémités et Flair au fond pour accueillir tous les types de corps. Rivets à tous les points de stress. Le compartiment principal de notre sac est fabriqué à l'aide de deux gros morceaux de 100% cuir de démarrage pleine fleur. Deux poches extérieures pour un accès rapide aux engins. Les bretelles sont réglables des deux extrémités et Flair au fond pour accueillir tous les types de corps. Rivets à tous les points de stress</p>",mr.bara-01,"","50$ - 99$, Blue, M, Pink, S",true,Size,M,Color,Blue,,,"",0,,1,deny,manual,51.00,,true,true,"",https://cdn.shopify.com/s/files/1/1679/8511/products/b4.jpg?v=1483603487,1,,false,,,,,,,,,,,,,,,,https://cdn.shopify.com/s/files/1/1679/8511/products/b4.jpg?v=1483603487,kg,
triangle-gold-necklace,,,,,,,,M,,Pink,,,"",0,,1,deny,manual,51.00,,true,true,"",https://cdn.shopify.com/s/files/1/1679/8511/products/b1.jpg?v=1483603488,2,,,,,,,,,,,,,,,,,,https://cdn.shopify.com/s/files/1/1679/8511/products/b1.jpg?v=1483603488,kg,
triangle-gold-necklace,,,,,,,,S,,Blue,,,"",0,,1,deny,manual,51.00,,true,true,"",https://cdn.shopify.com/s/files/1/1679/8511/products/b2.jpg?v=1483603489,3,,,,,,,,,,,,,,,,,,https://cdn.shopify.com/s/files/1/1679/8511/products/b2.jpg?v=1483603489,kg,
triangle-gold-necklace,,,,,,,,S,,Pink,,,"",0,,1,deny,manual,51.00,,true,true,"",https://cdn.shopify.com/s/files/1/1679/8511/products/b3.jpg?v=1483603490,4,,,,,,,,,,,,,,,,,,https://cdn.shopify.com/s/files/1/1679/8511/products/b3.jpg?v=1483603490,kg,
shape-gold-earring,Shape Gold Earring,"<p>The main compartment of our bag is made using only two large pieces of 100% full-grain boot leather. Two outside pockets for quick access to gear. Shoulder straps are adjustable from both ends and flair out at the bottom to accommodate all body types. Rivets at all stress points. The main compartment of our bag is made using only two large pieces of 100% full-grain boot leather. Two outside pockets for quick access to gear. Shoulder straps are adjustable from both ends and flair out at the bottom to accommodate all body types. Rivets at all stress points</p>
<p>[lang2]</p>
<p>Le compartiment principal de notre sac est fabriqué à l'aide de deux gros morceaux de 100% cuir de démarrage pleine fleur. Deux poches extérieures pour un accès rapide aux engins. Les bretelles sont réglables des deux extrémités et Flair au fond pour accueillir tous les types de corps. Rivets à tous les points de stress. Le compartiment principal de notre sac est fabriqué à l'aide de deux gros morceaux de 100% cuir de démarrage pleine fleur. Deux poches extérieures pour un accès rapide aux engins. Les bretelles sont réglables des deux extrémités et Flair au fond pour accueillir tous les types de corps. Rivets à tous les points de stress</p>",mr.bara-01,"","50$ - 99$, Beige, XS",true,Size,M,Color,Black,,,#XYZ2221,0,,1,deny,manual,250.00,300.00,true,true,"",https://cdn.shopify.com/s/files/1/1679/8511/products/h4.jpg?v=1483604059,1,,false,,,,,,,,,,,,,,,,https://cdn.shopify.com/s/files/1/1679/8511/products/h4.jpg?v=1483604059,kg,
shape-gold-earring,,,,,,,,M,,Red,,,#XYZ2222,0,,1,deny,manual,250.00,300.00,true,true,"",https://cdn.shopify.com/s/files/1/1679/8511/products/h1.jpg?v=1483604061,2,,,,,,,,,,,,,,,,,,https://cdn.shopify.com/s/files/1/1679/8511/products/h1.jpg?v=1483604061,kg,
shape-gold-earring,,,,,,,,M,,Gray,,,#XYZ2223,0,,1,deny,manual,250.00,300.00,true,true,"",https://cdn.shopify.com/s/files/1/1679/8511/products/h2.jpg?v=1483604062,3,,,,,,,,,,,,,,,,,,https://cdn.shopify.com/s/files/1/1679/8511/products/h2.jpg?v=1483604062,kg,
shape-gold-earring,,,,,,,,L,,Black,,,#XYZ2224,0,,1,deny,manual,250.00,300.00,true,true,"",https://cdn.shopify.com/s/files/1/1679/8511/products/h3.jpg?v=1483604064,4,,,,,,,,,,,,,,,,,,https://cdn.shopify.com/s/files/1/1679/8511/products/h3.jpg?v=1483604064,kg,
shape-gold-earring,,,,,,,,L,,Red,,,#XYZ2225,0,,1,deny,manual,250.00,300.00,true,true,"",,,,,,,,,,,,,,,,,,,,https://cdn.shopify.com/s/files/1/1679/8511/products/h1.jpg?v=1483604061,kg,
shape-gold-earring,,,,,,,,L,,Gray,,,#XYZ2226,0,,1,deny,manual,250.00,300.00,true,true,"",,,,,,,,,,,,,,,,,,,,https://cdn.shopify.com/s/files/1/1679/8511/products/h1.jpg?v=1483604061,kg,
shape-gold-earring,,,,,,,,XS,,Black,,,#XYZ2227,0,,1,deny,manual,250.00,300.00,true,true,"",,,,,,,,,,,,,,,,,,,,https://cdn.shopify.com/s/files/1/1679/8511/products/h3.jpg?v=1483604064,kg,
shape-gold-earring,,,,,,,,XS,,Red,,,#XYZ2228,0,,1,deny,manual,250.00,300.00,true,true,"",,,,,,,,,,,,,,,,,,,,https://cdn.shopify.com/s/files/1/1679/8511/products/h3.jpg?v=1483604064,kg,
shape-gold-earring,,,,,,,,XS,,Gray,,,#XYZ2229,0,,1,deny,manual,250.00,300.00,true,true,"",,,,,,,,,,,,,,,,,,,,https://cdn.shopify.com/s/files/1/1679/8511/products/h1.jpg?v=1483604061,kg,
gold-minimal-watch,Gold Minimal Watch,"<p>The main compartment of our bag is made using only two large pieces of 100% full-grain boot leather. Two outside pockets for quick access to gear. Shoulder straps are adjustable from both ends and flair out at the bottom to accommodate all body types. Rivets at all stress points. The main compartment of our bag is made using only two large pieces of 100% full-grain boot leather. Two outside pockets for quick access to gear. Shoulder straps are adjustable from both ends and flair out at the bottom to accommodate all body types. Rivets at all stress points</p>
<p>[lang2]</p>
<p>Le compartiment principal de notre sac est fabriqué à l'aide de deux gros morceaux de 100% cuir de démarrage pleine fleur. Deux poches extérieures pour un accès rapide aux engins. Les bretelles sont réglables des deux extrémités et Flair au fond pour accueillir tous les types de corps. Rivets à tous les points de stress. Le compartiment principal de notre sac est fabriqué à l'aide de deux gros morceaux de 100% cuir de démarrage pleine fleur. Deux poches extérieures pour un accès rapide aux engins. Les bretelles sont réglables des deux extrémités et Flair au fond pour accueillir tous les types de corps. Rivets à tous les points de stress</p>",mr.bara-01,"","100$ - 149$, Pink, S",true,Title,Default Title,,,,,"",0,,1,deny,manual,120.00,,true,true,"",https://cdn.shopify.com/s/files/1/1679/8511/products/f4.jpg?v=1483603879,1,,false,,,,,,,,,,,,,,,,,kg,
gold-minimal-watch,,,,,,,,,,,,,,,,,,,,,,,,https://cdn.shopify.com/s/files/1/1679/8511/products/f1.jpg?v=1483603880,2,,,,,,,,,,,,,,,,,,,,
gold-minimal-watch,,,,,,,,,,,,,,,,,,,,,,,,https://cdn.shopify.com/s/files/1/1679/8511/products/f2.jpg?v=1483603881,3,,,,,,,,,,,,,,,,,,,,
gold-minimal-watch,,,,,,,,,,,,,,,,,,,,,,,,https://cdn.shopify.com/s/files/1/1679/8511/products/f3.jpg?v=1483603883,4,,,,,,,,,,,,,,,,,,,,
simple-gold-ring,Simple Gold Ring,"<p>The main compartment of our bag is made using only two large pieces of 100% full-grain boot leather. Two outside pockets for quick access to gear. Shoulder straps are adjustable from both ends and flair out at the bottom to accommodate all body types. Rivets at all stress points. The main compartment of our bag is made using only two large pieces of 100% full-grain boot leather. Two outside pockets for quick access to gear. Shoulder straps are adjustable from both ends and flair out at the bottom to accommodate all body types. Rivets at all stress points</p>
<p>[lang2]</p>
<p>Le compartiment principal de notre sac est fabriqué à l'aide de deux gros morceaux de 100% cuir de démarrage pleine fleur. Deux poches extérieures pour un accès rapide aux engins. Les bretelles sont réglables des deux extrémités et Flair au fond pour accueillir tous les types de corps. Rivets à tous les points de stress. Le compartiment principal de notre sac est fabriqué à l'aide de deux gros morceaux de 100% cuir de démarrage pleine fleur. Deux poches extérieures pour un accès rapide aux engins. Les bretelles sont réglables des deux extrémités et Flair au fond pour accueillir tous les types de corps. Rivets à tous les points de stress</p>",mr.bara-01,"","0 - 49$, Gray, XL",true,Title,Default Title,,,,,"",0,,1,deny,manual,48.00,100.00,true,true,"",https://cdn.shopify.com/s/files/1/1679/8511/products/e4.jpg?v=1483603748,1,,false,,,,,,,,,,,,,,,,,kg,
simple-gold-ring,,,,,,,,,,,,,,,,,,,,,,,,https://cdn.shopify.com/s/files/1/1679/8511/products/e1.jpg?v=1483603749,2,,,,,,,,,,,,,,,,,,,,
simple-gold-ring,,,,,,,,,,,,,,,,,,,,,,,,https://cdn.shopify.com/s/files/1/1679/8511/products/e2.jpg?v=1483603751,3,,,,,,,,,,,,,,,,,,,,
simple-gold-ring,,,,,,,,,,,,,,,,,,,,,,,,https://cdn.shopify.com/s/files/1/1679/8511/products/e3.jpg?v=1483603752,4,,,,,,,,,,,,,,,,,,,,
queen-s-sliver-ring,Queen’s Sliver Ring,"<p>The main compartment of our bag is made using only two large pieces of 100% full-grain boot leather. Two outside pockets for quick access to gear. Shoulder straps are adjustable from both ends and flair out at the bottom to accommodate all body types. Rivets at all stress points. The main compartment of our bag is made using only two large pieces of 100% full-grain boot leather. Two outside pockets for quick access to gear. Shoulder straps are adjustable from both ends and flair out at the bottom to accommodate all body types. Rivets at all stress points</p>
<p>[lang2]</p>
<p>Le compartiment principal de notre sac est fabriqué à l'aide de deux gros morceaux de 100% cuir de démarrage pleine fleur. Deux poches extérieures pour un accès rapide aux engins. Les bretelles sont réglables des deux extrémités et Flair au fond pour accueillir tous les types de corps. Rivets à tous les points de stress. Le compartiment principal de notre sac est fabriqué à l'aide de deux gros morceaux de 100% cuir de démarrage pleine fleur. Deux poches extérieures pour un accès rapide aux engins. Les bretelles sont réglables des deux extrémités et Flair au fond pour accueillir tous les types de corps. Rivets à tous les points de stress</p>",mr.bara-01,"","50$ - 99$, Red, XS",true,Title,Default Title,,,,,"",0,,1,deny,manual,99.00,,true,true,"",https://cdn.shopify.com/s/files/1/1679/8511/products/g4.jpg?v=1483603951,1,,false,,,,,,,,,,,,,,,,,kg,
queen-s-sliver-ring,,,,,,,,,,,,,,,,,,,,,,,,https://cdn.shopify.com/s/files/1/1679/8511/products/g1.jpg?v=1483603952,2,,,,,,,,,,,,,,,,,,,,
queen-s-sliver-ring,,,,,,,,,,,,,,,,,,,,,,,,https://cdn.shopify.com/s/files/1/1679/8511/products/g2.jpg?v=1483603953,3,,,,,,,,,,,,,,,,,,,,
queen-s-sliver-ring,,,,,,,,,,,,,,,,,,,,,,,,https://cdn.shopify.com/s/files/1/1679/8511/products/g3.jpg?v=1483603955,4,,,,,,,,,,,,,,,,,,,,
rings-with-ruby-gem,Rings With Ruby Gem,"<p>The main compartment of our bag is made using only two large pieces of 100% full-grain boot leather. Two outside pockets for quick access to gear. Shoulder straps are adjustable from both ends and flair out at the bottom to accommodate all body types. Rivets at all stress points. The main compartment of our bag is made using only two large pieces of 100% full-grain boot leather. Two outside pockets for quick access to gear. Shoulder straps are adjustable from both ends and flair out at the bottom to accommodate all body types. Rivets at all stress points</p>
<p>[lang2]</p>
<p>Le compartiment principal de notre sac est fabriqué à l'aide de deux gros morceaux de 100% cuir de démarrage pleine fleur. Deux poches extérieures pour un accès rapide aux engins. Les bretelles sont réglables des deux extrémités et Flair au fond pour accueillir tous les types de corps. Rivets à tous les points de stress. Le compartiment principal de notre sac est fabriqué à l'aide de deux gros morceaux de 100% cuir de démarrage pleine fleur. Deux poches extérieures pour un accès rapide aux engins. Les bretelles sont réglables des deux extrémités et Flair au fond pour accueillir tous les types de corps. Rivets à tous les points de stress</p>",mr.bara-01,"","200$ - 500$, 50$ - 99$, Gray, XL",true,Title,Default Title,,,,,"",0,,1,deny,manual,300.00,500.00,true,true,"",https://cdn.shopify.com/s/files/1/1679/8511/products/c4.jpg?v=1483603556,1,,false,,,,,,,,,,,,,,,,,kg,
rings-with-ruby-gem,,,,,,,,,,,,,,,,,,,,,,,,https://cdn.shopify.com/s/files/1/1679/8511/products/c1.jpg?v=1483603557,2,,,,,,,,,,,,,,,,,,,,
rings-with-ruby-gem,,,,,,,,,,,,,,,,,,,,,,,,https://cdn.shopify.com/s/files/1/1679/8511/products/c2.jpg?v=1483603558,3,,,,,,,,,,,,,,,,,,,,
rings-with-ruby-gem,,,,,,,,,,,,,,,,,,,,,,,,https://cdn.shopify.com/s/files/1/1679/8511/products/c3.jpg?v=1483603560,4,,,,,,,,,,,,,,,,,,,,
drop-pendant-necklace,Drop Pendant Necklace,"<p>The main compartment of our bag is made using only two large pieces of 100% full-grain boot leather. Two outside pockets for quick access to gear. Shoulder straps are adjustable from both ends and flair out at the bottom to accommodate all body types. Rivets at all stress points. The main compartment of our bag is made using only two large pieces of 100% full-grain boot leather. Two outside pockets for quick access to gear. Shoulder straps are adjustable from both ends and flair out at the bottom to accommodate all body types. Rivets at all stress points</p>
<p>[lang2]</p>
<p>Le compartiment principal de notre sac est fabriqué à l'aide de deux gros morceaux de 100% cuir de démarrage pleine fleur. Deux poches extérieures pour un accès rapide aux engins. Les bretelles sont réglables des deux extrémités et Flair au fond pour accueillir tous les types de corps. Rivets à tous les points de stress. Le compartiment principal de notre sac est fabriqué à l'aide de deux gros morceaux de 100% cuir de démarrage pleine fleur. Deux poches extérieures pour un accès rapide aux engins. Les bretelles sont réglables des deux extrémités et Flair au fond pour accueillir tous les types de corps. Rivets à tous les points de stress</p>",mr.bara-01,"","100$ - 149$, Blue, S",true,Title,Default Title,,,,,"",0,,1,deny,manual,162.00,,true,true,"",https://cdn.shopify.com/s/files/1/1679/8511/products/i4.jpg?v=1483604242,1,,false,,,,,,,,,,,,,,,,,kg,
drop-pendant-necklace,,,,,,,,,,,,,,,,,,,,,,,,https://cdn.shopify.com/s/files/1/1679/8511/products/i1.jpg?v=1483604244,2,,,,,,,,,,,,,,,,,,,,
drop-pendant-necklace,,,,,,,,,,,,,,,,,,,,,,,,https://cdn.shopify.com/s/files/1/1679/8511/products/i2.jpg?v=1483604245,3,,,,,,,,,,,,,,,,,,,,
drop-pendant-necklace,,,,,,,,,,,,,,,,,,,,,,,,https://cdn.shopify.com/s/files/1/1679/8511/products/i3.jpg?v=1483604246,4,,,,,,,,,,,,,,,,,,,,
gold-bracelets,Gold Bracelets,"<p>The main compartment of our bag is made using only two large pieces of 100% full-grain boot leather. Two outside pockets for quick access to gear. Shoulder straps are adjustable from both ends and flair out at the bottom to accommodate all body types. Rivets at all stress points. The main compartment of our bag is made using only two large pieces of 100% full-grain boot leather. Two outside pockets for quick access to gear. Shoulder straps are adjustable from both ends and flair out at the bottom to accommodate all body types. Rivets at all stress points</p>
<p>[lang2]</p>
<p>Le compartiment principal de notre sac est fabriqué à l'aide de deux gros morceaux de 100% cuir de démarrage pleine fleur. Deux poches extérieures pour un accès rapide aux engins. Les bretelles sont réglables des deux extrémités et Flair au fond pour accueillir tous les types de corps. Rivets à tous les points de stress. Le compartiment principal de notre sac est fabriqué à l'aide de deux gros morceaux de 100% cuir de démarrage pleine fleur. Deux poches extérieures pour un accès rapide aux engins. Les bretelles sont réglables des deux extrémités et Flair au fond pour accueillir tous les types de corps. Rivets à tous les points de stress</p>",mr.bara-01,"","200$ - 500$, M, Pink",true,Title,Default Title,,,,,"",0,,1,deny,manual,205.00,,true,true,"",https://cdn.shopify.com/s/files/1/1679/8511/products/d4.jpg?v=1483603641,1,,false,,,,,,,,,,,,,,,,,kg,
gold-bracelets,,,,,,,,,,,,,,,,,,,,,,,,https://cdn.shopify.com/s/files/1/1679/8511/products/d1.jpg?v=1483603642,2,,,,,,,,,,,,,,,,,,,,
gold-bracelets,,,,,,,,,,,,,,,,,,,,,,,,https://cdn.shopify.com/s/files/1/1679/8511/products/d2.jpg?v=1483603643,3,,,,,,,,,,,,,,,,,,,,
gold-bracelets,,,,,,,,,,,,,,,,,,,,,,,,https://cdn.shopify.com/s/files/1/1679/8511/products/d3.jpg?v=1483603646,4,,,,,,,,,,,,,,,,,,,,
product,product,<p>a</p>,mr.bara-01,"","",false,Title,Default Title,,,,,53tgv,0,shopify,99,deny,manual,40.00,,true,true,"",,,,false,,,,,,,,,,,,,,,,,kg,
