Handle,Title,Body (HTML),Vendor,Type,Tags,Published,Option1 Name,Option1 Value,Option2 Name,Option2 Value,Option3 Name,Option3 Value,Variant SKU,Variant Grams,Variant Inventory Tracker,Variant Inventory Qty,Variant Inventory Policy,Variant Fulfillment Service,Variant Price,Variant Compare At Price,Variant Requires Shipping,Variant Taxable,Variant Barcode,Image Src,Image Position,Image Alt Text,Gift Card,SEO Title,SEO Description,Google Shopping / Google Product Category,Google Shopping / Gender,Google Shopping / Age Group,Google Shopping / MPN,Google Shopping / AdWords Grouping,Google Shopping / AdWords Labels,Google Shopping / Condition,Google Shopping / Custom Product,Google Shopping / Custom Label 0,Google Shopping / Custom Label 1,Google Shopping / Custom Label 2,Google Shopping / Custom Label 3,Google Shopping / Custom Label 4,Variant Image,Variant Weight Unit,Variant Tax Code
classic-brown-medal,Classic Brown Medal,"<p>The main compartment of our bag is made using only two large pieces of 100% full-grain boot leather. Two outside pockets for quick access to gear. Shoulder straps are adjustable from both ends and flair out at the bottom to accommodate all body types. Rivets at all stress points. The main compartment of our bag is made using only two large pieces of 100% full-grain boot leather. Two outside pockets for quick access to gear. Shoulder straps are adjustable from both ends and flair out at the bottom to accommodate all body types. Rivets at all stress points</p>
<p>[lang2]</p>
<p>Le compartiment principal de notre sac est fabriqué à l'aide de deux gros morceaux de 100% cuir de démarrage pleine fleur. Deux poches extérieures pour un accès rapide aux engins. Les bretelles sont réglables des deux extrémités et Flair au fond pour accueillir tous les types de corps. Rivets à tous les points de stress. Le compartiment principal de notre sac est fabriqué à l'aide de deux gros morceaux de 100% cuir de démarrage pleine fleur. Deux poches extérieures pour un accès rapide aux engins. Les bretelles sont réglables des deux extrémités et Flair au fond pour accueillir tous les types de corps. Rivets à tous les points de stress</p>",mr.bara-01,"","100$ - 149$, Gray, M, Red, XL",true,Size,M,Color,Gray,,,"",0,,1,deny,manual,100.00,,true,true,"",https://cdn.shopify.com/s/files/1/1679/8513/products/a1.jpg?v=1484037189,1,,false,,,,,,,,,,,,,,,,https://cdn.shopify.com/s/files/1/1679/8513/products/a2.jpg?v=1484037189,kg,
classic-brown-medal,,,,,,,,M,,Beige,,,"",0,,1,deny,manual,100.00,,true,true,"",https://cdn.shopify.com/s/files/1/1679/8513/products/a2.jpg?v=1484037189,2,,,,,,,,,,,,,,,,,,https://cdn.shopify.com/s/files/1/1679/8513/products/a1.jpg?v=1484037189,kg,
classic-brown-medal,,,,,,,,XL,,Gray,,,"",0,,1,deny,manual,100.00,,true,true,"",https://cdn.shopify.com/s/files/1/1679/8513/products/a3.jpg?v=1484037189,3,,,,,,,,,,,,,,,,,,https://cdn.shopify.com/s/files/1/1679/8513/products/a2.jpg?v=1484037189,kg,
classic-brown-medal,,,,,,,,XL,,Beige,,,"",0,,1,deny,manual,100.00,,true,true,"",,,,,,,,,,,,,,,,,,,,https://cdn.shopify.com/s/files/1/1679/8513/products/a3.jpg?v=1484037189,kg,
classic-rose-brown-leather,Classic Rose Brown Leather,"<p>The main compartment of our bag is made using only two large pieces of 100% full-grain boot leather. Two outside pockets for quick access to gear. Shoulder straps are adjustable from both ends and flair out at the bottom to accommodate all body types. Rivets at all stress points. The main compartment of our bag is made using only two large pieces of 100% full-grain boot leather. Two outside pockets for quick access to gear. Shoulder straps are adjustable from both ends and flair out at the bottom to accommodate all body types. Rivets at all stress points</p>
<p>[lang2]</p>
<p>Le compartiment principal de notre sac est fabriqué à l'aide de deux gros morceaux de 100% cuir de démarrage pleine fleur. Deux poches extérieures pour un accès rapide aux engins. Les bretelles sont réglables des deux extrémités et Flair au fond pour accueillir tous les types de corps. Rivets à tous les points de stress. Le compartiment principal de notre sac est fabriqué à l'aide de deux gros morceaux de 100% cuir de démarrage pleine fleur. Deux poches extérieures pour un accès rapide aux engins. Les bretelles sont réglables des deux extrémités et Flair au fond pour accueillir tous les types de corps. Rivets à tous les points de stress</p>",mr.bara-01,"","50$ - 99$, Blue, M, Pink, S",true,Size,M,Color,Blue,,,"",0,,1,deny,manual,51.00,,true,true,"",https://cdn.shopify.com/s/files/1/1679/8513/products/b2.jpg?v=1484037290,1,,false,,,,,,,,,,,,,,,,https://cdn.shopify.com/s/files/1/1679/8513/products/b1.jpg?v=1484037301,kg,
classic-rose-brown-leather,,,,,,,,M,,Pink,,,"",0,,1,deny,manual,51.00,,true,true,"",https://cdn.shopify.com/s/files/1/1679/8513/products/b3.jpg?v=1484037290,2,,,,,,,,,,,,,,,,,,https://cdn.shopify.com/s/files/1/1679/8513/products/b2.jpg?v=1484037290,kg,
classic-rose-brown-leather,,,,,,,,S,,Blue,,,"",0,,1,deny,manual,51.00,,true,true,"",https://cdn.shopify.com/s/files/1/1679/8513/products/b1.jpg?v=1484037301,3,,,,,,,,,,,,,,,,,,https://cdn.shopify.com/s/files/1/1679/8513/products/b3.jpg?v=1484037290,kg,
classic-rose-brown-leather,,,,,,,,S,,Pink,,,"",0,,1,deny,manual,51.00,,true,true,"",,,,,,,,,,,,,,,,,,,,https://cdn.shopify.com/s/files/1/1679/8513/products/b3.jpg?v=1484037290,kg,
men-gold-black-leather,Men Gold Black Leather,"<p>The main compartment of our bag is made using only two large pieces of 100% full-grain boot leather. Two outside pockets for quick access to gear. Shoulder straps are adjustable from both ends and flair out at the bottom to accommodate all body types. Rivets at all stress points. The main compartment of our bag is made using only two large pieces of 100% full-grain boot leather. Two outside pockets for quick access to gear. Shoulder straps are adjustable from both ends and flair out at the bottom to accommodate all body types. Rivets at all stress points</p>
<p>[lang2]</p>
<p>Le compartiment principal de notre sac est fabriqué à l'aide de deux gros morceaux de 100% cuir de démarrage pleine fleur. Deux poches extérieures pour un accès rapide aux engins. Les bretelles sont réglables des deux extrémités et Flair au fond pour accueillir tous les types de corps. Rivets à tous les points de stress. Le compartiment principal de notre sac est fabriqué à l'aide de deux gros morceaux de 100% cuir de démarrage pleine fleur. Deux poches extérieures pour un accès rapide aux engins. Les bretelles sont réglables des deux extrémités et Flair au fond pour accueillir tous les types de corps. Rivets à tous les points de stress</p>",mr.bara-01,"","50$ - 99$, Beige, XS",true,Size,M,Color,Black,,,#XYZ2221,0,,1,deny,manual,250.00,300.00,true,true,"",https://cdn.shopify.com/s/files/1/1679/8513/products/k2.jpg?v=1484036936,1,,false,,,,,,,,,,,,,,,,https://cdn.shopify.com/s/files/1/1679/8513/products/k2.jpg?v=1484036936,kg,
men-gold-black-leather,,,,,,,,M,,Red,,,#XYZ2222,0,,1,deny,manual,250.00,300.00,true,true,"",https://cdn.shopify.com/s/files/1/1679/8513/products/k3.jpg?v=1484036938,2,,,,,,,,,,,,,,,,,,https://cdn.shopify.com/s/files/1/1679/8513/products/k3.jpg?v=1484036938,kg,
men-gold-black-leather,,,,,,,,M,,Gray,,,#XYZ2223,0,,1,deny,manual,250.00,300.00,true,true,"",https://cdn.shopify.com/s/files/1/1679/8513/products/k1.jpg?v=1484036941,3,,,,,,,,,,,,,,,,,,https://cdn.shopify.com/s/files/1/1679/8513/products/k1.jpg?v=1484036941,kg,
men-gold-black-leather,,,,,,,,L,,Black,,,#XYZ2224,0,,1,deny,manual,250.00,300.00,true,true,"",,,,,,,,,,,,,,,,,,,,https://cdn.shopify.com/s/files/1/1679/8513/products/k3.jpg?v=1484036938,kg,
men-gold-black-leather,,,,,,,,L,,Red,,,#XYZ2225,0,,1,deny,manual,250.00,300.00,true,true,"",,,,,,,,,,,,,,,,,,,,https://cdn.shopify.com/s/files/1/1679/8513/products/k1.jpg?v=1484036941,kg,
men-gold-black-leather,,,,,,,,L,,Gray,,,#XYZ2226,0,,1,deny,manual,250.00,300.00,true,true,"",,,,,,,,,,,,,,,,,,,,https://cdn.shopify.com/s/files/1/1679/8513/products/k1.jpg?v=1484036941,kg,
men-gold-black-leather,,,,,,,,XS,,Black,,,#XYZ2227,0,,1,deny,manual,250.00,300.00,true,true,"",,,,,,,,,,,,,,,,,,,,https://cdn.shopify.com/s/files/1/1679/8513/products/k3.jpg?v=1484036938,kg,
men-gold-black-leather,,,,,,,,XS,,Red,,,#XYZ2228,0,,1,deny,manual,250.00,300.00,true,true,"",,,,,,,,,,,,,,,,,,,,https://cdn.shopify.com/s/files/1/1679/8513/products/k2.jpg?v=1484036936,kg,
men-gold-black-leather,,,,,,,,XS,,Gray,,,#XYZ2229,0,,1,deny,manual,250.00,300.00,true,true,"",,,,,,,,,,,,,,,,,,,,https://cdn.shopify.com/s/files/1/1679/8513/products/k3.jpg?v=1484036938,kg,
gun-metal-leather-chrono,Gun Metal Leather Chrono,"<p>The main compartment of our bag is made using only two large pieces of 100% full-grain boot leather. Two outside pockets for quick access to gear. Shoulder straps are adjustable from both ends and flair out at the bottom to accommodate all body types. Rivets at all stress points. The main compartment of our bag is made using only two large pieces of 100% full-grain boot leather. Two outside pockets for quick access to gear. Shoulder straps are adjustable from both ends and flair out at the bottom to accommodate all body types. Rivets at all stress points</p>
<p>[lang2]</p>
<p>Le compartiment principal de notre sac est fabriqué à l'aide de deux gros morceaux de 100% cuir de démarrage pleine fleur. Deux poches extérieures pour un accès rapide aux engins. Les bretelles sont réglables des deux extrémités et Flair au fond pour accueillir tous les types de corps. Rivets à tous les points de stress. Le compartiment principal de notre sac est fabriqué à l'aide de deux gros morceaux de 100% cuir de démarrage pleine fleur. Deux poches extérieures pour un accès rapide aux engins. Les bretelles sont réglables des deux extrémités et Flair au fond pour accueillir tous les types de corps. Rivets à tous les points de stress</p>",mr.bara-01,"","100$ - 149$, Pink, S",true,Title,Default Title,,,,,"",0,,1,deny,manual,120.00,,true,true,"",https://cdn.shopify.com/s/files/1/1679/8513/products/h3_8bccb7f7-80f5-4371-8e94-5ebf2aa87c9d.jpg?v=1484037528,1,,false,,,,,,,,,,,,,,,,,kg,
gun-metal-leather-chrono,,,,,,,,,,,,,,,,,,,,,,,,https://cdn.shopify.com/s/files/1/1679/8513/products/h1_f49a165c-5343-40b6-aa26-8378e68a26a7.jpg?v=1484037528,2,,,,,,,,,,,,,,,,,,,,
gun-metal-leather-chrono,,,,,,,,,,,,,,,,,,,,,,,,https://cdn.shopify.com/s/files/1/1679/8513/products/h2_74d9c4c1-f51b-4d37-bed8-7eb16da3f24c.jpg?v=1484037528,3,,,,,,,,,,,,,,,,,,,,
gun-metal-leather,Gun Metal Leather,"<p>The main compartment of our bag is made using only two large pieces of 100% full-grain boot leather. Two outside pockets for quick access to gear. Shoulder straps are adjustable from both ends and flair out at the bottom to accommodate all body types. Rivets at all stress points. The main compartment of our bag is made using only two large pieces of 100% full-grain boot leather. Two outside pockets for quick access to gear. Shoulder straps are adjustable from both ends and flair out at the bottom to accommodate all body types. Rivets at all stress points</p>
<p>[lang2]</p>
<p>Le compartiment principal de notre sac est fabriqué à l'aide de deux gros morceaux de 100% cuir de démarrage pleine fleur. Deux poches extérieures pour un accès rapide aux engins. Les bretelles sont réglables des deux extrémités et Flair au fond pour accueillir tous les types de corps. Rivets à tous les points de stress. Le compartiment principal de notre sac est fabriqué à l'aide de deux gros morceaux de 100% cuir de démarrage pleine fleur. Deux poches extérieures pour un accès rapide aux engins. Les bretelles sont réglables des deux extrémités et Flair au fond pour accueillir tous les types de corps. Rivets à tous les points de stress</p>",mr.bara-01,"","0 - 49$, Gray, XL",true,Title,Default Title,,,,,"",0,,1,deny,manual,48.00,100.00,true,true,"",https://cdn.shopify.com/s/files/1/1679/8513/products/g2.jpg?v=1484037499,1,,false,,,,,,,,,,,,,,,,,kg,
gun-metal-leather,,,,,,,,,,,,,,,,,,,,,,,,https://cdn.shopify.com/s/files/1/1679/8513/products/g1.jpg?v=1484037499,2,,,,,,,,,,,,,,,,,,,,
gun-metal-leather,,,,,,,,,,,,,,,,,,,,,,,,https://cdn.shopify.com/s/files/1/1679/8513/products/g3_14163568-de7f-46c7-9b60-a682460ccef8.jpg?v=1484037507,3,,,,,,,,,,,,,,,,,,,,
men-blue-gold-classic,Men Blue Gold Classic,"<p>The main compartment of our bag is made using only two large pieces of 100% full-grain boot leather. Two outside pockets for quick access to gear. Shoulder straps are adjustable from both ends and flair out at the bottom to accommodate all body types. Rivets at all stress points. The main compartment of our bag is made using only two large pieces of 100% full-grain boot leather. Two outside pockets for quick access to gear. Shoulder straps are adjustable from both ends and flair out at the bottom to accommodate all body types. Rivets at all stress points</p>
<p>[lang2]</p>
<p>Le compartiment principal de notre sac est fabriqué à l'aide de deux gros morceaux de 100% cuir de démarrage pleine fleur. Deux poches extérieures pour un accès rapide aux engins. Les bretelles sont réglables des deux extrémités et Flair au fond pour accueillir tous les types de corps. Rivets à tous les points de stress. Le compartiment principal de notre sac est fabriqué à l'aide de deux gros morceaux de 100% cuir de démarrage pleine fleur. Deux poches extérieures pour un accès rapide aux engins. Les bretelles sont réglables des deux extrémités et Flair au fond pour accueillir tous les types de corps. Rivets à tous les points de stress</p>",mr.bara-01,"","50$ - 99$, Red, XS",true,Title,Default Title,,,,,"",0,,1,deny,manual,99.00,,true,true,"",https://cdn.shopify.com/s/files/1/1679/8513/products/i1.jpg?v=1484037171,1,,false,,,,,,,,,,,,,,,,,kg,
men-blue-gold-classic,,,,,,,,,,,,,,,,,,,,,,,,https://cdn.shopify.com/s/files/1/1679/8513/products/i2.jpg?v=1484037171,2,,,,,,,,,,,,,,,,,,,,
men-blue-gold-classic,,,,,,,,,,,,,,,,,,,,,,,,https://cdn.shopify.com/s/files/1/1679/8513/products/i3.jpg?v=1484037171,3,,,,,,,,,,,,,,,,,,,,
classic-rose-gold-leather,Classic Rose Gold Leather,"<p>The main compartment of our bag is made using only two large pieces of 100% full-grain boot leather. Two outside pockets for quick access to gear. Shoulder straps are adjustable from both ends and flair out at the bottom to accommodate all body types. Rivets at all stress points. The main compartment of our bag is made using only two large pieces of 100% full-grain boot leather. Two outside pockets for quick access to gear. Shoulder straps are adjustable from both ends and flair out at the bottom to accommodate all body types. Rivets at all stress points</p>
<p>[lang2]</p>
<p>Le compartiment principal de notre sac est fabriqué à l'aide de deux gros morceaux de 100% cuir de démarrage pleine fleur. Deux poches extérieures pour un accès rapide aux engins. Les bretelles sont réglables des deux extrémités et Flair au fond pour accueillir tous les types de corps. Rivets à tous les points de stress. Le compartiment principal de notre sac est fabriqué à l'aide de deux gros morceaux de 100% cuir de démarrage pleine fleur. Deux poches extérieures pour un accès rapide aux engins. Les bretelles sont réglables des deux extrémités et Flair au fond pour accueillir tous les types de corps. Rivets à tous les points de stress</p>",mr.bara-01,"","200$ - 500$, 50$ - 99$, Gray, XL",true,Title,Default Title,,,,,"",0,,1,deny,manual,300.00,500.00,true,true,"",https://cdn.shopify.com/s/files/1/1679/8513/products/d3.jpg?v=1484037415,1,,false,,,,,,,,,,,,,,,,,kg,
classic-rose-gold-leather,,,,,,,,,,,,,,,,,,,,,,,,https://cdn.shopify.com/s/files/1/1679/8513/products/d1.jpg?v=1484037415,2,,,,,,,,,,,,,,,,,,,,
classic-rose-gold-leather,,,,,,,,,,,,,,,,,,,,,,,,https://cdn.shopify.com/s/files/1/1679/8513/products/d2.jpg?v=1484037415,3,,,,,,,,,,,,,,,,,,,,
men-white-black-leather,Men White Black Leather,"<p>The main compartment of our bag is made using only two large pieces of 100% full-grain boot leather. Two outside pockets for quick access to gear. Shoulder straps are adjustable from both ends and flair out at the bottom to accommodate all body types. Rivets at all stress points. The main compartment of our bag is made using only two large pieces of 100% full-grain boot leather. Two outside pockets for quick access to gear. Shoulder straps are adjustable from both ends and flair out at the bottom to accommodate all body types. Rivets at all stress points</p>
<p>[lang2]</p>
<p>Le compartiment principal de notre sac est fabriqué à l'aide de deux gros morceaux de 100% cuir de démarrage pleine fleur. Deux poches extérieures pour un accès rapide aux engins. Les bretelles sont réglables des deux extrémités et Flair au fond pour accueillir tous les types de corps. Rivets à tous les points de stress. Le compartiment principal de notre sac est fabriqué à l'aide de deux gros morceaux de 100% cuir de démarrage pleine fleur. Deux poches extérieures pour un accès rapide aux engins. Les bretelles sont réglables des deux extrémités et Flair au fond pour accueillir tous les types de corps. Rivets à tous les points de stress</p>",mr.bara-01,"","100$ - 149$, Blue, S",true,Title,Default Title,,,,,"",0,,1,deny,manual,162.00,,true,true,"",https://cdn.shopify.com/s/files/1/1679/8513/products/l3.jpg?v=1484037078,1,,false,,,,,,,,,,,,,,,,,kg,
men-white-black-leather,,,,,,,,,,,,,,,,,,,,,,,,https://cdn.shopify.com/s/files/1/1679/8513/products/l1.jpg?v=1484037081,2,,,,,,,,,,,,,,,,,,,,
men-white-black-leather,,,,,,,,,,,,,,,,,,,,,,,,https://cdn.shopify.com/s/files/1/1679/8513/products/l2.jpg?v=1484037084,3,,,,,,,,,,,,,,,,,,,,
gold-black-leather,Gold Black Leather,"<p>The main compartment of our bag is made using only two large pieces of 100% full-grain boot leather. Two outside pockets for quick access to gear. Shoulder straps are adjustable from both ends and flair out at the bottom to accommodate all body types. Rivets at all stress points. The main compartment of our bag is made using only two large pieces of 100% full-grain boot leather. Two outside pockets for quick access to gear. Shoulder straps are adjustable from both ends and flair out at the bottom to accommodate all body types. Rivets at all stress points</p>
<p>[lang2]</p>
<p>Le compartiment principal de notre sac est fabriqué à l'aide de deux gros morceaux de 100% cuir de démarrage pleine fleur. Deux poches extérieures pour un accès rapide aux engins. Les bretelles sont réglables des deux extrémités et Flair au fond pour accueillir tous les types de corps. Rivets à tous les points de stress. Le compartiment principal de notre sac est fabriqué à l'aide de deux gros morceaux de 100% cuir de démarrage pleine fleur. Deux poches extérieures pour un accès rapide aux engins. Les bretelles sont réglables des deux extrémités et Flair au fond pour accueillir tous les types de corps. Rivets à tous les points de stress</p>",mr.bara-01,"","200$ - 500$, M, Pink",true,Title,Default Title,,,,,"",0,,1,deny,manual,205.00,,true,true,"",https://cdn.shopify.com/s/files/1/1679/8513/products/e1.jpg?v=1484037428,1,,false,,,,,,,,,,,,,,,,,kg,
gold-black-leather,,,,,,,,,,,,,,,,,,,,,,,,https://cdn.shopify.com/s/files/1/1679/8513/products/e2.jpg?v=1484037428,2,,,,,,,,,,,,,,,,,,,,
gold-black-leather,,,,,,,,,,,,,,,,,,,,,,,,https://cdn.shopify.com/s/files/1/1679/8513/products/e3.jpg?v=1484037428,3,,,,,,,,,,,,,,,,,,,,
product,product,<p>a</p>,mr.bara-01,"","",false,Title,Default Title,,,,,53tgv,0,shopify,99,deny,manual,40.00,,true,true,"",,,,false,,,,,,,,,,,,,,,,,kg,
