Handle,Title,Body (HTML),Vendor,Type,Tags,Published,Option1 Name,Option1 Value,Option2 Name,Option2 Value,Option3 Name,Option3 Value,Variant SKU,Variant Grams,Variant Inventory Tracker,Variant Inventory Qty,Variant Inventory Policy,Variant Fulfillment Service,Variant Price,Variant Compare At Price,Variant Requires Shipping,Variant Taxable,Variant Barcode,Image Src,Image Position,Image Alt Text,Gift Card,SEO Title,SEO Description,Google Shopping / Google Product Category,Google Shopping / Gender,Google Shopping / Age Group,Google Shopping / MPN,Google Shopping / AdWords Grouping,Google Shopping / AdWords Labels,Google Shopping / Condition,Google Shopping / Custom Product,Google Shopping / Custom Label 0,Google Shopping / Custom Label 1,Google Shopping / Custom Label 2,Google Shopping / Custom Label 3,Google Shopping / Custom Label 4,Variant Image,Variant Weight Unit,Variant Tax Code
xbox-two-wireless-controller,Xbox Two Wireless Controller,"<p>The main compartment of our bag is made using only two large pieces of 100% full-grain boot leather. Two outside pockets for quick access to gear. Shoulder straps are adjustable from both ends and flair out at the bottom to accommodate all body types. Rivets at all stress points. The main compartment of our bag is made using only two large pieces of 100% full-grain boot leather. Two outside pockets for quick access to gear. Shoulder straps are adjustable from both ends and flair out at the bottom to accommodate all body types. Rivets at all stress points</p>
<p>[lang2]</p>
<p>Le compartiment principal de notre sac est fabriqué à l'aide de deux gros morceaux de 100% cuir de démarrage pleine fleur. Deux poches extérieures pour un accès rapide aux engins. Les bretelles sont réglables des deux extrémités et Flair au fond pour accueillir tous les types de corps. Rivets à tous les points de stress. Le compartiment principal de notre sac est fabriqué à l'aide de deux gros morceaux de 100% cuir de démarrage pleine fleur. Deux poches extérieures pour un accès rapide aux engins. Les bretelles sont réglables des deux extrémités et Flair au fond pour accueillir tous les types de corps. Rivets à tous les points de stress</p>",mr.bara-01,"","0 - 49$, Gray, XL",true,Title,Default Title,,,,,"",0,,1,deny,manual,452.00,600.00,true,true,"",https://cdn.shopify.com/s/files/1/1679/8537/products/i1.jpg?v=1488854899,1,,false,,,,,,,,,,,,,,,,,kg,
xbox-two-wireless-controller,,,,,,,,,,,,,,,,,,,,,,,,https://cdn.shopify.com/s/files/1/1679/8537/products/i2.jpg?v=1488854901,2,,,,,,,,,,,,,,,,,,,,
xbox-two-wireless-controller,,,,,,,,,,,,,,,,,,,,,,,,https://cdn.shopify.com/s/files/1/1679/8537/products/i3.jpg?v=1488854902,3,,,,,,,,,,,,,,,,,,,,
xbox-two-wireless-controller,,,,,,,,,,,,,,,,,,,,,,,,https://cdn.shopify.com/s/files/1/1679/8537/products/i4.jpg?v=1488854903,4,,,,,,,,,,,,,,,,,,,,
xbox-one-wireless-controller,Xbox One Wireless Controller,"<p>The main compartment of our bag is made using only two large pieces of 100% full-grain boot leather. Two outside pockets for quick access to gear. Shoulder straps are adjustable from both ends and flair out at the bottom to accommodate all body types. Rivets at all stress points. The main compartment of our bag is made using only two large pieces of 100% full-grain boot leather. Two outside pockets for quick access to gear. Shoulder straps are adjustable from both ends and flair out at the bottom to accommodate all body types. Rivets at all stress points</p>
<p>[lang2]</p>
<p>Le compartiment principal de notre sac est fabriqué à l'aide de deux gros morceaux de 100% cuir de démarrage pleine fleur. Deux poches extérieures pour un accès rapide aux engins. Les bretelles sont réglables des deux extrémités et Flair au fond pour accueillir tous les types de corps. Rivets à tous les points de stress. Le compartiment principal de notre sac est fabriqué à l'aide de deux gros morceaux de 100% cuir de démarrage pleine fleur. Deux poches extérieures pour un accès rapide aux engins. Les bretelles sont réglables des deux extrémités et Flair au fond pour accueillir tous les types de corps. Rivets à tous les points de stress</p>",mr.bara-01,"","200$ - 500$, Blue, XL",true,Title,Default Title,,,,,"",0,,1,deny,manual,300.00,,true,true,"",https://cdn.shopify.com/s/files/1/1679/8537/products/s1.jpg?v=1488854839,1,,false,,,,,,,,,,,,,,,,,kg,
xbox-one-wireless-controller,,,,,,,,,,,,,,,,,,,,,,,,https://cdn.shopify.com/s/files/1/1679/8537/products/s2.jpg?v=1488854841,2,,,,,,,,,,,,,,,,,,,,
xbox-one-wireless-controller,,,,,,,,,,,,,,,,,,,,,,,,https://cdn.shopify.com/s/files/1/1679/8537/products/s3.jpg?v=1488854842,3,,,,,,,,,,,,,,,,,,,,
xbox-one-wireless-controller,,,,,,,,,,,,,,,,,,,,,,,,https://cdn.shopify.com/s/files/1/1679/8537/products/s4.jpg?v=1488854843,4,,,,,,,,,,,,,,,,,,,,
sound-intones-i65-headphone,Sound Intones I65 Headphone,"<p>The main compartment of our bag is made using only two large pieces of 100% full-grain boot leather. Two outside pockets for quick access to gear. Shoulder straps are adjustable from both ends and flair out at the bottom to accommodate all body types. Rivets at all stress points. The main compartment of our bag is made using only two large pieces of 100% full-grain boot leather. Two outside pockets for quick access to gear. Shoulder straps are adjustable from both ends and flair out at the bottom to accommodate all body types. Rivets at all stress points</p>
<p>[lang2]</p>
<p>Le compartiment principal de notre sac est fabriqué à l'aide de deux gros morceaux de 100% cuir de démarrage pleine fleur. Deux poches extérieures pour un accès rapide aux engins. Les bretelles sont réglables des deux extrémités et Flair au fond pour accueillir tous les types de corps. Rivets à tous les points de stress. Le compartiment principal de notre sac est fabriqué à l'aide de deux gros morceaux de 100% cuir de démarrage pleine fleur. Deux poches extérieures pour un accès rapide aux engins. Les bretelles sont réglables des deux extrémités et Flair au fond pour accueillir tous les types de corps. Rivets à tous les points de stress</p>",mr.bara-01,"","200$ - 500$, M, Pink",true,Title,Default Title,,,,,"",0,,1,deny,manual,652.00,900.00,true,true,"",https://cdn.shopify.com/s/files/1/1679/8537/products/h1.jpg?v=1488854772,1,,false,,,,,,,,,,,,,,,,,kg,
sound-intones-i65-headphone,,,,,,,,,,,,,,,,,,,,,,,,https://cdn.shopify.com/s/files/1/1679/8537/products/h2.jpg?v=1488854774,2,,,,,,,,,,,,,,,,,,,,
sound-intones-i65-headphone,,,,,,,,,,,,,,,,,,,,,,,,https://cdn.shopify.com/s/files/1/1679/8537/products/h3.jpg?v=1488854775,3,,,,,,,,,,,,,,,,,,,,
sound-intones-i65-headphone,,,,,,,,,,,,,,,,,,,,,,,,https://cdn.shopify.com/s/files/1/1679/8537/products/h4.jpg?v=1488854777,4,,,,,,,,,,,,,,,,,,,,
sound-hw50-stereo-folding-headsets,Sound HW50 Stereo Folding Headsets,"<p>The main compartment of our bag is made using only two large pieces of 100% full-grain boot leather. Two outside pockets for quick access to gear. Shoulder straps are adjustable from both ends and flair out at the bottom to accommodate all body types. Rivets at all stress points. The main compartment of our bag is made using only two large pieces of 100% full-grain boot leather. Two outside pockets for quick access to gear. Shoulder straps are adjustable from both ends and flair out at the bottom to accommodate all body types. Rivets at all stress points</p>
<p>[lang2]</p>
<p>Le compartiment principal de notre sac est fabriqué à l'aide de deux gros morceaux de 100% cuir de démarrage pleine fleur. Deux poches extérieures pour un accès rapide aux engins. Les bretelles sont réglables des deux extrémités et Flair au fond pour accueillir tous les types de corps. Rivets à tous les points de stress. Le compartiment principal de notre sac est fabriqué à l'aide de deux gros morceaux de 100% cuir de démarrage pleine fleur. Deux poches extérieures pour un accès rapide aux engins. Les bretelles sont réglables des deux extrémités et Flair au fond pour accueillir tous les types de corps. Rivets à tous les points de stress</p>",mr.bara-01,"","200$ - 500$, M, Pink",true,Title,Default Title,,,,,"",0,,1,deny,manual,485.00,,true,true,"",https://cdn.shopify.com/s/files/1/1679/8537/products/a1.jpg?v=1488854734,1,,false,,,,,,,,,,,,,,,,,kg,
sound-hw50-stereo-folding-headsets,,,,,,,,,,,,,,,,,,,,,,,,https://cdn.shopify.com/s/files/1/1679/8537/products/a2.jpg?v=1488854736,2,,,,,,,,,,,,,,,,,,,,
sound-hw50-stereo-folding-headsets,,,,,,,,,,,,,,,,,,,,,,,,https://cdn.shopify.com/s/files/1/1679/8537/products/a3.jpg?v=1488854737,3,,,,,,,,,,,,,,,,,,,,
sound-hw50-stereo-folding-headsets,,,,,,,,,,,,,,,,,,,,,,,,https://cdn.shopify.com/s/files/1/1679/8537/products/a4.jpg?v=1488854738,4,,,,,,,,,,,,,,,,,,,,
sony-hdras100v-w-video-camera,Sony HDRAS100V/W Video Camera,"<p>The main compartment of our bag is made using only two large pieces of 100% full-grain boot leather. Two outside pockets for quick access to gear. Shoulder straps are adjustable from both ends and flair out at the bottom to accommodate all body types. Rivets at all stress points. The main compartment of our bag is made using only two large pieces of 100% full-grain boot leather. Two outside pockets for quick access to gear. Shoulder straps are adjustable from both ends and flair out at the bottom to accommodate all body types. Rivets at all stress points</p>
<p>[lang2]</p>
<p>Le compartiment principal de notre sac est fabriqué à l'aide de deux gros morceaux de 100% cuir de démarrage pleine fleur. Deux poches extérieures pour un accès rapide aux engins. Les bretelles sont réglables des deux extrémités et Flair au fond pour accueillir tous les types de corps. Rivets à tous les points de stress. Le compartiment principal de notre sac est fabriqué à l'aide de deux gros morceaux de 100% cuir de démarrage pleine fleur. Deux poches extérieures pour un accès rapide aux engins. Les bretelles sont réglables des deux extrémités et Flair au fond pour accueillir tous les types de corps. Rivets à tous les points de stress</p>",mr.bara-01,"","100$ - 149$, Blue, S",true,Title,Default Title,,,,,"",0,,1,deny,manual,860.00,,true,true,"",https://cdn.shopify.com/s/files/1/1679/8537/products/p1.jpg?v=1488854690,1,,false,,,,,,,,,,,,,,,,,kg,
sony-hdras100v-w-video-camera,,,,,,,,,,,,,,,,,,,,,,,,https://cdn.shopify.com/s/files/1/1679/8537/products/p2.jpg?v=1488854691,2,,,,,,,,,,,,,,,,,,,,
sony-hdras100v-w-video-camera,,,,,,,,,,,,,,,,,,,,,,,,https://cdn.shopify.com/s/files/1/1679/8537/products/p3.jpg?v=1488854692,3,,,,,,,,,,,,,,,,,,,,
sony-hdras100v-w-video-camera,,,,,,,,,,,,,,,,,,,,,,,,https://cdn.shopify.com/s/files/1/1679/8537/products/p4.jpg?v=1488854694,4,,,,,,,,,,,,,,,,,,,,
product,product,<p>a</p>,mr.bara-01,"","",false,Title,Default Title,,,,,53tgv,0,shopify,99,deny,manual,40.00,,true,true,"",,,,false,,,,,,,,,,,,,,,,,kg,
beats-pill-2-0-rose-gold-white,Beats Pill 2.0 Rose Gold White,"<p>The main compartment of our bag is made using only two large pieces of 100% full-grain boot leather. Two outside pockets for quick access to gear. Shoulder straps are adjustable from both ends and flair out at the bottom to accommodate all body types. Rivets at all stress points. The main compartment of our bag is made using only two large pieces of 100% full-grain boot leather. Two outside pockets for quick access to gear. Shoulder straps are adjustable from both ends and flair out at the bottom to accommodate all body types. Rivets at all stress points</p>
<p>[lang2]</p>
<p>Le compartiment principal de notre sac est fabriqué à l'aide de deux gros morceaux de 100% cuir de démarrage pleine fleur. Deux poches extérieures pour un accès rapide aux engins. Les bretelles sont réglables des deux extrémités et Flair au fond pour accueillir tous les types de corps. Rivets à tous les points de stress. Le compartiment principal de notre sac est fabriqué à l'aide de deux gros morceaux de 100% cuir de démarrage pleine fleur. Deux poches extérieures pour un accès rapide aux engins. Les bretelles sont réglables des deux extrémités et Flair au fond pour accueillir tous les types de corps. Rivets à tous les points de stress</p>",mr.bara-01,"","200$ - 500$, M, Pink",true,Title,Default Title,,,,,"",0,,1,deny,manual,205.00,,true,true,"",https://cdn.shopify.com/s/files/1/1679/8537/products/b1.jpg?v=1488853865,1,,false,,,,,,,,,,,,,,,,,kg,
beats-pill-2-0-rose-gold-white,,,,,,,,,,,,,,,,,,,,,,,,https://cdn.shopify.com/s/files/1/1679/8537/products/b2.jpg?v=1488853867,2,,,,,,,,,,,,,,,,,,,,
beats-pill-2-0-rose-gold-white,,,,,,,,,,,,,,,,,,,,,,,,https://cdn.shopify.com/s/files/1/1679/8537/products/b3.jpg?v=1488853868,3,,,,,,,,,,,,,,,,,,,,
beats-pill-2-0-rose-gold-white,,,,,,,,,,,,,,,,,,,,,,,,https://cdn.shopify.com/s/files/1/1679/8537/products/b4.jpg?v=1488853870,4,,,,,,,,,,,,,,,,,,,,
apple-macbook-retina-display-12,Apple Macbook Retina Display 12’’,"<p>The main compartment of our bag is made using only two large pieces of 100% full-grain boot leather. Two outside pockets for quick access to gear. Shoulder straps are adjustable from both ends and flair out at the bottom to accommodate all body types. Rivets at all stress points. The main compartment of our bag is made using only two large pieces of 100% full-grain boot leather. Two outside pockets for quick access to gear. Shoulder straps are adjustable from both ends and flair out at the bottom to accommodate all body types. Rivets at all stress points</p>
<p>[lang2]</p>
<p>Le compartiment principal de notre sac est fabriqué à l'aide de deux gros morceaux de 100% cuir de démarrage pleine fleur. Deux poches extérieures pour un accès rapide aux engins. Les bretelles sont réglables des deux extrémités et Flair au fond pour accueillir tous les types de corps. Rivets à tous les points de stress. Le compartiment principal de notre sac est fabriqué à l'aide de deux gros morceaux de 100% cuir de démarrage pleine fleur. Deux poches extérieures pour un accès rapide aux engins. Les bretelles sont réglables des deux extrémités et Flair au fond pour accueillir tous les types de corps. Rivets à tous les points de stress</p>",mr.bara-01,"","100$ - 149$, Blue, S",true,Title,Default Title,,,,,"",0,,1,deny,manual,759.90,,true,true,"",https://cdn.shopify.com/s/files/1/1679/8537/products/g1_95dd7e03-faf2-473e-b174-4aac0d504790.jpg?v=1488853327,1,,false,,,,,,,,,,,,,,,,,kg,
apple-macbook-retina-display-12,,,,,,,,,,,,,,,,,,,,,,,,https://cdn.shopify.com/s/files/1/1679/8537/products/g2_9e5e9cee-66b9-4bb3-a57c-203103e36632.jpg?v=1488853329,2,,,,,,,,,,,,,,,,,,,,
apple-macbook-retina-display-12,,,,,,,,,,,,,,,,,,,,,,,,https://cdn.shopify.com/s/files/1/1679/8537/products/g3_fd409e8f-d252-42eb-bb33-459f0d56d769.jpg?v=1488853330,3,,,,,,,,,,,,,,,,,,,,
apple-macbook-retina-display-12,,,,,,,,,,,,,,,,,,,,,,,,https://cdn.shopify.com/s/files/1/1679/8537/products/g4_a2737d26-76a7-41f5-b9b8-e2713b3b913d.jpg?v=1488853332,4,,,,,,,,,,,,,,,,,,,,
samsung-evo-micro-sd-64gb,Samsung Evo Micro SD 64Gb,"<p>The main compartment of our bag is made using only two large pieces of 100% full-grain boot leather. Two outside pockets for quick access to gear. Shoulder straps are adjustable from both ends and flair out at the bottom to accommodate all body types. Rivets at all stress points. The main compartment of our bag is made using only two large pieces of 100% full-grain boot leather. Two outside pockets for quick access to gear. Shoulder straps are adjustable from both ends and flair out at the bottom to accommodate all body types. Rivets at all stress points</p>
<p>[lang2]</p>
<p>Le compartiment principal de notre sac est fabriqué à l'aide de deux gros morceaux de 100% cuir de démarrage pleine fleur. Deux poches extérieures pour un accès rapide aux engins. Les bretelles sont réglables des deux extrémités et Flair au fond pour accueillir tous les types de corps. Rivets à tous les points de stress. Le compartiment principal de notre sac est fabriqué à l'aide de deux gros morceaux de 100% cuir de démarrage pleine fleur. Deux poches extérieures pour un accès rapide aux engins. Les bretelles sont réglables des deux extrémités et Flair au fond pour accueillir tous les types de corps. Rivets à tous les points de stress</p>",mr.bara-01,"","200$ - 500$, 50$ - 99$, Gray, XL",true,Title,Default Title,,,,,"",0,,1,deny,manual,300.00,500.00,true,true,"",https://cdn.shopify.com/s/files/1/1679/8537/products/l1_5a104f52-baee-4bc5-a5d7-23d9e6bd14ba.jpg?v=1488854475,1,,false,,,,,,,,,,,,,,,,,kg,
samsung-evo-micro-sd-64gb,,,,,,,,,,,,,,,,,,,,,,,,https://cdn.shopify.com/s/files/1/1679/8537/products/l2_d0658ff5-5ddc-41e5-9cbb-064dd1c50fac.jpg?v=1488854477,2,,,,,,,,,,,,,,,,,,,,
samsung-evo-micro-sd-64gb,,,,,,,,,,,,,,,,,,,,,,,,https://cdn.shopify.com/s/files/1/1679/8537/products/l3_a23e241a-91bc-42f3-86bb-aecf06009531.jpg?v=1488854478,3,,,,,,,,,,,,,,,,,,,,
samsung-evo-micro-sd-64gb,,,,,,,,,,,,,,,,,,,,,,,,https://cdn.shopify.com/s/files/1/1679/8537/products/l4_19fa5f4e-f8d5-4b21-bc3b-f3e007962b46.jpg?v=1488854479,4,,,,,,,,,,,,,,,,,,,,
harman-kardon-onyx-studio-2-wireless-bluetooth-speaker,Harman Kardon Onyx Studio 2 Wireless Bluetooth Speaker,"<p>The main compartment of our bag is made using only two large pieces of 100% full-grain boot leather. Two outside pockets for quick access to gear. Shoulder straps are adjustable from both ends and flair out at the bottom to accommodate all body types. Rivets at all stress points. The main compartment of our bag is made using only two large pieces of 100% full-grain boot leather. Two outside pockets for quick access to gear. Shoulder straps are adjustable from both ends and flair out at the bottom to accommodate all body types. Rivets at all stress points</p>
<p>[lang2]</p>
<p>Le compartiment principal de notre sac est fabriqué à l'aide de deux gros morceaux de 100% cuir de démarrage pleine fleur. Deux poches extérieures pour un accès rapide aux engins. Les bretelles sont réglables des deux extrémités et Flair au fond pour accueillir tous les types de corps. Rivets à tous les points de stress. Le compartiment principal de notre sac est fabriqué à l'aide de deux gros morceaux de 100% cuir de démarrage pleine fleur. Deux poches extérieures pour un accès rapide aux engins. Les bretelles sont réglables des deux extrémités et Flair au fond pour accueillir tous les types de corps. Rivets à tous les points de stress</p>",mr.bara-01,"","50$ - 99$, Red, XS",true,Title,Default Title,,,,,"",0,,1,deny,manual,99.00,,true,true,"",https://cdn.shopify.com/s/files/1/1679/8537/products/r2.jpg?v=1488854132,1,,false,,,,,,,,,,,,,,,,,kg,
harman-kardon-onyx-studio-2-wireless-bluetooth-speaker,,,,,,,,,,,,,,,,,,,,,,,,https://cdn.shopify.com/s/files/1/1679/8537/products/r1.jpg?v=1488854132,2,,,,,,,,,,,,,,,,,,,,
harman-kardon-onyx-studio-2-wireless-bluetooth-speaker,,,,,,,,,,,,,,,,,,,,,,,,https://cdn.shopify.com/s/files/1/1679/8537/products/r3.jpeg?v=1488854132,3,,,,,,,,,,,,,,,,,,,,
canany-wifi-waterproof-sports-camera,Canany WIFI Waterproof Sports Camera,"<p>The main compartment of our bag is made using only two large pieces of 100% full-grain boot leather. Two outside pockets for quick access to gear. Shoulder straps are adjustable from both ends and flair out at the bottom to accommodate all body types. Rivets at all stress points. The main compartment of our bag is made using only two large pieces of 100% full-grain boot leather. Two outside pockets for quick access to gear. Shoulder straps are adjustable from both ends and flair out at the bottom to accommodate all body types. Rivets at all stress points</p>
<p>[lang2]</p>
<p>Le compartiment principal de notre sac est fabriqué à l'aide de deux gros morceaux de 100% cuir de démarrage pleine fleur. Deux poches extérieures pour un accès rapide aux engins. Les bretelles sont réglables des deux extrémités et Flair au fond pour accueillir tous les types de corps. Rivets à tous les points de stress. Le compartiment principal de notre sac est fabriqué à l'aide de deux gros morceaux de 100% cuir de démarrage pleine fleur. Deux poches extérieures pour un accès rapide aux engins. Les bretelles sont réglables des deux extrémités et Flair au fond pour accueillir tous les types de corps. Rivets à tous les points de stress</p>",mr.bara-01,"","0 - 49$, Gray, XL",true,Title,Default Title,,,,,"",0,,1,deny,manual,48.00,100.00,true,true,"",https://cdn.shopify.com/s/files/1/1679/8537/products/d1.jpg?v=1488853992,1,,false,,,,,,,,,,,,,,,,,kg,
canany-wifi-waterproof-sports-camera,,,,,,,,,,,,,,,,,,,,,,,,https://cdn.shopify.com/s/files/1/1679/8537/products/d2.jpg?v=1488853994,2,,,,,,,,,,,,,,,,,,,,
canany-wifi-waterproof-sports-camera,,,,,,,,,,,,,,,,,,,,,,,,https://cdn.shopify.com/s/files/1/1679/8537/products/d3.jpg?v=1488853996,3,,,,,,,,,,,,,,,,,,,,
canany-wifi-waterproof-sports-camera,,,,,,,,,,,,,,,,,,,,,,,,https://cdn.shopify.com/s/files/1/1679/8537/products/d4.jpg?v=1488853997,4,,,,,,,,,,,,,,,,,,,,
powerbeast-2-wireless-in-ear-headphone,Powerbeast 2 Wireless In-Ear Headphone,"<p>The main compartment of our bag is made using only two large pieces of 100% full-grain boot leather. Two outside pockets for quick access to gear. Shoulder straps are adjustable from both ends and flair out at the bottom to accommodate all body types. Rivets at all stress points. The main compartment of our bag is made using only two large pieces of 100% full-grain boot leather. Two outside pockets for quick access to gear. Shoulder straps are adjustable from both ends and flair out at the bottom to accommodate all body types. Rivets at all stress points</p>
<p>[lang2]</p>
<p>Le compartiment principal de notre sac est fabriqué à l'aide de deux gros morceaux de 100% cuir de démarrage pleine fleur. Deux poches extérieures pour un accès rapide aux engins. Les bretelles sont réglables des deux extrémités et Flair au fond pour accueillir tous les types de corps. Rivets à tous les points de stress. Le compartiment principal de notre sac est fabriqué à l'aide de deux gros morceaux de 100% cuir de démarrage pleine fleur. Deux poches extérieures pour un accès rapide aux engins. Les bretelles sont réglables des deux extrémités et Flair au fond pour accueillir tous les types de corps. Rivets à tous les points de stress</p>",mr.bara-01,"","100$ - 149$, Pink, S",true,Title,Default Title,,,,,"",0,,1,deny,manual,120.00,,true,true,"",https://cdn.shopify.com/s/files/1/1679/8537/products/m1_971da0bc-55cd-4f84-8343-ea8c69ce21c7.jpg?v=1488854425,1,,false,,,,,,,,,,,,,,,,,kg,
powerbeast-2-wireless-in-ear-headphone,,,,,,,,,,,,,,,,,,,,,,,,https://cdn.shopify.com/s/files/1/1679/8537/products/m2_ac62eb13-b043-4f27-b8ad-6899a48ef864.jpg?v=1488854426,2,,,,,,,,,,,,,,,,,,,,
powerbeast-2-wireless-in-ear-headphone,,,,,,,,,,,,,,,,,,,,,,,,https://cdn.shopify.com/s/files/1/1679/8537/products/m3_2158039b-9774-4748-9579-82407a4dd0b5.jpg?v=1488854428,3,,,,,,,,,,,,,,,,,,,,
powerbeast-2-wireless-in-ear-headphone,,,,,,,,,,,,,,,,,,,,,,,,https://cdn.shopify.com/s/files/1/1679/8537/products/m4_2bd89d0d-f126-4a2d-a681-6431cadb602c.jpg?v=1488854429,4,,,,,,,,,,,,,,,,,,,,
hp-chromebook-cb1-014-desktop,HP Chromebook CB1 014 Desktop,"<p>The main compartment of our bag is made using only two large pieces of 100% full-grain boot leather. Two outside pockets for quick access to gear. Shoulder straps are adjustable from both ends and flair out at the bottom to accommodate all body types. Rivets at all stress points. The main compartment of our bag is made using only two large pieces of 100% full-grain boot leather. Two outside pockets for quick access to gear. Shoulder straps are adjustable from both ends and flair out at the bottom to accommodate all body types. Rivets at all stress points</p>
<p>[lang2]</p>
<p>Le compartiment principal de notre sac est fabriqué à l'aide de deux gros morceaux de 100% cuir de démarrage pleine fleur. Deux poches extérieures pour un accès rapide aux engins. Les bretelles sont réglables des deux extrémités et Flair au fond pour accueillir tous les types de corps. Rivets à tous les points de stress. Le compartiment principal de notre sac est fabriqué à l'aide de deux gros morceaux de 100% cuir de démarrage pleine fleur. Deux poches extérieures pour un accès rapide aux engins. Les bretelles sont réglables des deux extrémités et Flair au fond pour accueillir tous les types de corps. Rivets à tous les points de stress</p>",mr.bara-01,"","50$ - 99$, Beige, XS",true,Size,M,Color,Black,,,#XYZ2221,0,,1,deny,manual,250.00,300.00,true,true,"",https://cdn.shopify.com/s/files/1/1679/8537/products/k1_fdff5c8d-e7ec-4088-a48b-60ac7ad625c7.jpg?v=1488854259,1,,false,,,,,,,,,,,,,,,,https://cdn.shopify.com/s/files/1/1679/8537/products/k1_fdff5c8d-e7ec-4088-a48b-60ac7ad625c7.jpg?v=1488854259,kg,
hp-chromebook-cb1-014-desktop,,,,,,,,M,,Red,,,#XYZ2222,0,,1,deny,manual,250.00,300.00,true,true,"",https://cdn.shopify.com/s/files/1/1679/8537/products/k2_7181a862-5ba9-4bff-8302-b87447a122d5.jpg?v=1488854261,2,,,,,,,,,,,,,,,,,,https://cdn.shopify.com/s/files/1/1679/8537/products/k1_fdff5c8d-e7ec-4088-a48b-60ac7ad625c7.jpg?v=1488854259,kg,
hp-chromebook-cb1-014-desktop,,,,,,,,M,,Gray,,,#XYZ2223,0,,1,deny,manual,250.00,300.00,true,true,"",https://cdn.shopify.com/s/files/1/1679/8537/products/k3_6f116aaa-6daa-48c3-86d0-2321395e9c1e.jpg?v=1488854262,3,,,,,,,,,,,,,,,,,,https://cdn.shopify.com/s/files/1/1679/8537/products/k1_fdff5c8d-e7ec-4088-a48b-60ac7ad625c7.jpg?v=1488854259,kg,
hp-chromebook-cb1-014-desktop,,,,,,,,L,,Black,,,#XYZ2224,0,,1,deny,manual,250.00,300.00,true,true,"",https://cdn.shopify.com/s/files/1/1679/8537/products/k4_7d3b287d-737c-4bf6-b0bc-2c3f6525459c.jpg?v=1488854264,4,,,,,,,,,,,,,,,,,,https://cdn.shopify.com/s/files/1/1679/8537/products/k2_7181a862-5ba9-4bff-8302-b87447a122d5.jpg?v=1488854261,kg,
hp-chromebook-cb1-014-desktop,,,,,,,,L,,Red,,,#XYZ2225,0,,1,deny,manual,250.00,300.00,true,true,"",,,,,,,,,,,,,,,,,,,,https://cdn.shopify.com/s/files/1/1679/8537/products/k2_7181a862-5ba9-4bff-8302-b87447a122d5.jpg?v=1488854261,kg,
hp-chromebook-cb1-014-desktop,,,,,,,,L,,Gray,,,#XYZ2226,0,,1,deny,manual,250.00,300.00,true,true,"",,,,,,,,,,,,,,,,,,,,https://cdn.shopify.com/s/files/1/1679/8537/products/k2_7181a862-5ba9-4bff-8302-b87447a122d5.jpg?v=1488854261,kg,
hp-chromebook-cb1-014-desktop,,,,,,,,XS,,Black,,,#XYZ2227,0,,1,deny,manual,250.00,300.00,true,true,"",,,,,,,,,,,,,,,,,,,,https://cdn.shopify.com/s/files/1/1679/8537/products/k3_6f116aaa-6daa-48c3-86d0-2321395e9c1e.jpg?v=1488854262,kg,
hp-chromebook-cb1-014-desktop,,,,,,,,XS,,Red,,,#XYZ2228,0,,1,deny,manual,250.00,300.00,true,true,"",,,,,,,,,,,,,,,,,,,,https://cdn.shopify.com/s/files/1/1679/8537/products/k4_7d3b287d-737c-4bf6-b0bc-2c3f6525459c.jpg?v=1488854264,kg,
hp-chromebook-cb1-014-desktop,,,,,,,,XS,,Gray,,,#XYZ2229,0,,1,deny,manual,250.00,300.00,true,true,"",,,,,,,,,,,,,,,,,,,,https://cdn.shopify.com/s/files/1/1679/8537/products/k4_7d3b287d-737c-4bf6-b0bc-2c3f6525459c.jpg?v=1488854264,kg,
bose-soundlink-on-ear-bluetooth-headphones,Bose SoundLink On-Ear Bluetooth Headphones,"<p>The main compartment of our bag is made using only two large pieces of 100% full-grain boot leather. Two outside pockets for quick access to gear. Shoulder straps are adjustable from both ends and flair out at the bottom to accommodate all body types. Rivets at all stress points. The main compartment of our bag is made using only two large pieces of 100% full-grain boot leather. Two outside pockets for quick access to gear. Shoulder straps are adjustable from both ends and flair out at the bottom to accommodate all body types. Rivets at all stress points</p>
<p>[lang2]</p>
<p>Le compartiment principal de notre sac est fabriqué à l'aide de deux gros morceaux de 100% cuir de démarrage pleine fleur. Deux poches extérieures pour un accès rapide aux engins. Les bretelles sont réglables des deux extrémités et Flair au fond pour accueillir tous les types de corps. Rivets à tous les points de stress. Le compartiment principal de notre sac est fabriqué à l'aide de deux gros morceaux de 100% cuir de démarrage pleine fleur. Deux poches extérieures pour un accès rapide aux engins. Les bretelles sont réglables des deux extrémités et Flair au fond pour accueillir tous les types de corps. Rivets à tous les points de stress</p>",mr.bara-01,"","200$ - 500$, Blue, Pink, XL",true,Title,Default Title,,,,,"",0,,1,deny,manual,250.00,,true,true,"",https://cdn.shopify.com/s/files/1/1679/8537/products/o1.jpg?v=1488853948,1,,false,,,,,,,,,,,,,,,,,kg,
bose-soundlink-on-ear-bluetooth-headphones,,,,,,,,,,,,,,,,,,,,,,,,https://cdn.shopify.com/s/files/1/1679/8537/products/o2.jpg?v=1488853948,2,,,,,,,,,,,,,,,,,,,,
bose-soundlink-on-ear-bluetooth-headphones,,,,,,,,,,,,,,,,,,,,,,,,https://cdn.shopify.com/s/files/1/1679/8537/products/o3.jpg?v=1488853948,3,,,,,,,,,,,,,,,,,,,,
bose-soundlink-on-ear-bluetooth-headphones,,,,,,,,,,,,,,,,,,,,,,,,https://cdn.shopify.com/s/files/1/1679/8537/products/o4.jpg?v=1488853948,4,,,,,,,,,,,,,,,,,,,,
asus-chromebook-flip-c100pa-db02,Asus Chromebook Flip C100PA DB02,"<p>The main compartment of our bag is made using only two large pieces of 100% full-grain boot leather. Two outside pockets for quick access to gear. Shoulder straps are adjustable from both ends and flair out at the bottom to accommodate all body types. Rivets at all stress points. The main compartment of our bag is made using only two large pieces of 100% full-grain boot leather. Two outside pockets for quick access to gear. Shoulder straps are adjustable from both ends and flair out at the bottom to accommodate all body types. Rivets at all stress points</p>
<p>[lang2]</p>
<p>Le compartiment principal de notre sac est fabriqué à l'aide de deux gros morceaux de 100% cuir de démarrage pleine fleur. Deux poches extérieures pour un accès rapide aux engins. Les bretelles sont réglables des deux extrémités et Flair au fond pour accueillir tous les types de corps. Rivets à tous les points de stress. Le compartiment principal de notre sac est fabriqué à l'aide de deux gros morceaux de 100% cuir de démarrage pleine fleur. Deux poches extérieures pour un accès rapide aux engins. Les bretelles sont réglables des deux extrémités et Flair au fond pour accueillir tous les types de corps. Rivets à tous les points de stress</p>",mr.bara-01,"","0 - 49$, 100$ - 149$, Blue, Red, XL, XS",true,Title,Default Title,,,,,"",0,,1,deny,manual,150.00,200.00,true,true,"",https://cdn.shopify.com/s/files/1/1679/8537/products/c1.jpg?v=1488853711,1,,false,,,,,,,,,,,,,,,,,kg,
asus-chromebook-flip-c100pa-db02,,,,,,,,,,,,,,,,,,,,,,,,https://cdn.shopify.com/s/files/1/1679/8537/products/c2.jpg?v=1488853712,2,,,,,,,,,,,,,,,,,,,,
asus-chromebook-flip-c100pa-db02,,,,,,,,,,,,,,,,,,,,,,,,https://cdn.shopify.com/s/files/1/1679/8537/products/c3.jpg?v=1488853714,3,,,,,,,,,,,,,,,,,,,,
asus-chromebook-flip-c100pa-db02,,,,,,,,,,,,,,,,,,,,,,,,https://cdn.shopify.com/s/files/1/1679/8537/products/c4.jpg?v=1488853715,4,,,,,,,,,,,,,,,,,,,,
b-o-play-a1-portable-wireless,B&O PLAY A1 Portable Wireless,"<p>The main compartment of our bag is made using only two large pieces of 100% full-grain boot leather. Two outside pockets for quick access to gear. Shoulder straps are adjustable from both ends and flair out at the bottom to accommodate all body types. Rivets at all stress points. The main compartment of our bag is made using only two large pieces of 100% full-grain boot leather. Two outside pockets for quick access to gear. Shoulder straps are adjustable from both ends and flair out at the bottom to accommodate all body types. Rivets at all stress points</p>
<p>[lang2]</p>
<p>Le compartiment principal de notre sac est fabriqué à l'aide de deux gros morceaux de 100% cuir de démarrage pleine fleur. Deux poches extérieures pour un accès rapide aux engins. Les bretelles sont réglables des deux extrémités et Flair au fond pour accueillir tous les types de corps. Rivets à tous les points de stress. Le compartiment principal de notre sac est fabriqué à l'aide de deux gros morceaux de 100% cuir de démarrage pleine fleur. Deux poches extérieures pour un accès rapide aux engins. Les bretelles sont réglables des deux extrémités et Flair au fond pour accueillir tous les types de corps. Rivets à tous les points de stress</p>",mr.bara-01,"","100$ - 149$, 200$ - 500$, Blue, M, Pink, Red, S, XL",true,Size,M,Color,Blue,,,#ABC001,0,,1,deny,manual,200.00,,true,true,"",https://cdn.shopify.com/s/files/1/1679/8537/products/n2.jpg?v=1488853794,1,,false,,,,,,,,,,,,,,,,https://cdn.shopify.com/s/files/1/1679/8537/products/n2.jpg?v=1488853794,kg,
b-o-play-a1-portable-wireless,,,,,,,,M,,Pink,,,#ABC002,0,,1,deny,manual,200.00,,true,true,"",https://cdn.shopify.com/s/files/1/1679/8537/products/n1.jpg?v=1488853794,2,,,,,,,,,,,,,,,,,,https://cdn.shopify.com/s/files/1/1679/8537/products/n1.jpg?v=1488853794,kg,
b-o-play-a1-portable-wireless,,,,,,,,S,,Blue,,,#ABC003,0,,1,deny,manual,200.00,,true,true,"",https://cdn.shopify.com/s/files/1/1679/8537/products/n3.jpg?v=1488853794,3,,,,,,,,,,,,,,,,,,https://cdn.shopify.com/s/files/1/1679/8537/products/n3.jpg?v=1488853794,kg,
b-o-play-a1-portable-wireless,,,,,,,,S,,Pink,,,#ABC004,0,,1,deny,manual,200.00,,true,true,"",https://cdn.shopify.com/s/files/1/1679/8537/products/n4.jpg?v=1488853794,4,,,,,,,,,,,,,,,,,,https://cdn.shopify.com/s/files/1/1679/8537/products/n4.jpg?v=1488853794,kg,
b-o-play-a1-portable-wireless,,,,,,,,XL,,Red,,,#ABC005,0,,1,deny,manual,200.00,,true,true,"",,,,,,,,,,,,,,,,,,,,https://cdn.shopify.com/s/files/1/1679/8537/products/n1.jpg?v=1488853794,kg,
garmin-virb-ultra-30-action-camera,Garmin VIRB Ultra 30 Action Camera,"<p>The main compartment of our bag is made using only two large pieces of 100% full-grain boot leather. Two outside pockets for quick access to gear. Shoulder straps are adjustable from both ends and flair out at the bottom to accommodate all body types. Rivets at all stress points. The main compartment of our bag is made using only two large pieces of 100% full-grain boot leather. Two outside pockets for quick access to gear. Shoulder straps are adjustable from both ends and flair out at the bottom to accommodate all body types. Rivets at all stress points</p>
<p>[lang2]</p>
<p>Le compartiment principal de notre sac est fabriqué à l'aide de deux gros morceaux de 100% cuir de démarrage pleine fleur. Deux poches extérieures pour un accès rapide aux engins. Les bretelles sont réglables des deux extrémités et Flair au fond pour accueillir tous les types de corps. Rivets à tous les points de stress. Le compartiment principal de notre sac est fabriqué à l'aide de deux gros morceaux de 100% cuir de démarrage pleine fleur. Deux poches extérieures pour un accès rapide aux engins. Les bretelles sont réglables des deux extrémités et Flair au fond pour accueillir tous les types de corps. Rivets à tous les points de stress</p>",mr.bara-01,"","100$ - 149$, 50$ - 99$, Blue, M, Pink, Red, S, XL",true,Size,M,Color,Blue,,,"",0,,1,deny,manual,51.00,,true,true,"",https://cdn.shopify.com/s/files/1/1679/8537/products/e1.jpg?v=1488854045,1,,false,,,,,,,,,,,,,,,,https://cdn.shopify.com/s/files/1/1679/8537/products/e1.jpg?v=1488854045,kg,
garmin-virb-ultra-30-action-camera,,,,,,,,M,,Pink,,,"",0,,1,deny,manual,51.00,,true,true,"",https://cdn.shopify.com/s/files/1/1679/8537/products/e2.jpg?v=1488854046,2,,,,,,,,,,,,,,,,,,https://cdn.shopify.com/s/files/1/1679/8537/products/e2.jpg?v=1488854046,kg,
garmin-virb-ultra-30-action-camera,,,,,,,,S,,Blue,,,"",0,,1,deny,manual,51.00,,true,true,"",https://cdn.shopify.com/s/files/1/1679/8537/products/e3.jpg?v=1488854047,3,,,,,,,,,,,,,,,,,,https://cdn.shopify.com/s/files/1/1679/8537/products/e3.jpg?v=1488854047,kg,
garmin-virb-ultra-30-action-camera,,,,,,,,S,,Pink,,,"",0,,1,deny,manual,51.00,,true,true,"",https://cdn.shopify.com/s/files/1/1679/8537/products/e4.jpg?v=1488854049,4,,,,,,,,,,,,,,,,,,https://cdn.shopify.com/s/files/1/1679/8537/products/e4.jpg?v=1488854049,kg,
garmin-virb-ultra-30-action-camera,,,,,,,,XL,,Red,,,"",0,,1,deny,manual,51.00,,true,true,"",,,,,,,,,,,,,,,,,,,,https://cdn.shopify.com/s/files/1/1679/8537/products/e1.jpg?v=1488854045,kg,
samsung-gear-vr-vituarl-reality,Samsung Gear VR Vituarl Reality,"<p>The main compartment of our bag is made using only two large pieces of 100% full-grain boot leather. Two outside pockets for quick access to gear. Shoulder straps are adjustable from both ends and flair out at the bottom to accommodate all body types. Rivets at all stress points. The main compartment of our bag is made using only two large pieces of 100% full-grain boot leather. Two outside pockets for quick access to gear. Shoulder straps are adjustable from both ends and flair out at the bottom to accommodate all body types. Rivets at all stress points</p>
<p>[lang2]</p>
<p>Le compartiment principal de notre sac est fabriqué à l'aide de deux gros morceaux de 100% cuir de démarrage pleine fleur. Deux poches extérieures pour un accès rapide aux engins. Les bretelles sont réglables des deux extrémités et Flair au fond pour accueillir tous les types de corps. Rivets à tous les points de stress. Le compartiment principal de notre sac est fabriqué à l'aide de deux gros morceaux de 100% cuir de démarrage pleine fleur. Deux poches extérieures pour un accès rapide aux engins. Les bretelles sont réglables des deux extrémités et Flair au fond pour accueillir tous les types de corps. Rivets à tous les points de stress</p>",mr.bara-01,"","50$ - 99$, Blue, M, Pink, S",true,Size,M,Color,Blue,,,"",0,,1,deny,manual,51.00,,true,true,"",https://cdn.shopify.com/s/files/1/1679/8537/products/j1.jpg?v=1488854611,1,,false,,,,,,,,,,,,,,,,https://cdn.shopify.com/s/files/1/1679/8537/products/j1.jpg?v=1488854611,kg,
samsung-gear-vr-vituarl-reality,,,,,,,,M,,Pink,,,"",0,,1,deny,manual,51.00,,true,true,"",https://cdn.shopify.com/s/files/1/1679/8537/products/j2.jpg?v=1488854612,2,,,,,,,,,,,,,,,,,,https://cdn.shopify.com/s/files/1/1679/8537/products/j2.jpg?v=1488854612,kg,
samsung-gear-vr-vituarl-reality,,,,,,,,S,,Blue,,,"",0,,1,deny,manual,51.00,,true,true,"",https://cdn.shopify.com/s/files/1/1679/8537/products/j3.jpg?v=1488854614,3,,,,,,,,,,,,,,,,,,https://cdn.shopify.com/s/files/1/1679/8537/products/j4.jpg?v=1488854615,kg,
samsung-gear-vr-vituarl-reality,,,,,,,,S,,Pink,,,"",0,,1,deny,manual,51.00,,true,true,"",https://cdn.shopify.com/s/files/1/1679/8537/products/j4.jpg?v=1488854615,4,,,,,,,,,,,,,,,,,,https://cdn.shopify.com/s/files/1/1679/8537/products/j3.jpg?v=1488854614,kg,
apple-watch-38mm-models-romantic,Apple Watch 38mm Models Romantic,"<p>The main compartment of our bag is made using only two large pieces of 100% full-grain boot leather. Two outside pockets for quick access to gear. Shoulder straps are adjustable from both ends and flair out at the bottom to accommodate all body types. Rivets at all stress points. The main compartment of our bag is made using only two large pieces of 100% full-grain boot leather. Two outside pockets for quick access to gear. Shoulder straps are adjustable from both ends and flair out at the bottom to accommodate all body types. Rivets at all stress points</p>
<p>[lang2]</p>
<p>Le compartiment principal de notre sac est fabriqué à l'aide de deux gros morceaux de 100% cuir de démarrage pleine fleur. Deux poches extérieures pour un accès rapide aux engins. Les bretelles sont réglables des deux extrémités et Flair au fond pour accueillir tous les types de corps. Rivets à tous les points de stress. Le compartiment principal de notre sac est fabriqué à l'aide de deux gros morceaux de 100% cuir de démarrage pleine fleur. Deux poches extérieures pour un accès rapide aux engins. Les bretelles sont réglables des deux extrémités et Flair au fond pour accueillir tous les types de corps. Rivets à tous les points de stress</p>",mr.bara-01,"","100$ - 149$, Gray, M, Red, XL",true,Size,M,Color,Gray,,,"",0,,1,deny,manual,100.00,,true,true,"",https://cdn.shopify.com/s/files/1/1679/8537/products/f1_10958d21-8636-4ff4-bd8d-3630d7d5b3b0.jpg?v=1488853589,1,,false,,,,,,,,,,,,,,,,https://cdn.shopify.com/s/files/1/1679/8537/products/f1_10958d21-8636-4ff4-bd8d-3630d7d5b3b0.jpg?v=1488853589,kg,
apple-watch-38mm-models-romantic,,,,,,,,M,,Beige,,,"",0,,1,deny,manual,100.00,,true,true,"",https://cdn.shopify.com/s/files/1/1679/8537/products/f2_d01214a6-deed-431f-b7b6-1ad9fa126799.jpg?v=1488853596,2,,,,,,,,,,,,,,,,,,https://cdn.shopify.com/s/files/1/1679/8537/products/f2_d01214a6-deed-431f-b7b6-1ad9fa126799.jpg?v=1488853596,kg,
apple-watch-38mm-models-romantic,,,,,,,,XL,,Gray,,,"",0,,1,deny,manual,100.00,,true,true,"",https://cdn.shopify.com/s/files/1/1679/8537/products/f3_de9de679-552c-4562-bada-668a86aa3569.jpg?v=1488853601,3,,,,,,,,,,,,,,,,,,https://cdn.shopify.com/s/files/1/1679/8537/products/f3_de9de679-552c-4562-bada-668a86aa3569.jpg?v=1488853601,kg,
apple-watch-38mm-models-romantic,,,,,,,,XL,,Beige,,,"",0,,1,deny,manual,100.00,,true,true,"",https://cdn.shopify.com/s/files/1/1679/8537/products/m3_8d8a44f3-4566-4051-b5e7-9b6660b332f1.jpg?v=1488853636,4,,,,,,,,,,,,,,,,,,https://cdn.shopify.com/s/files/1/1679/8537/products/m3_8d8a44f3-4566-4051-b5e7-9b6660b332f1.jpg?v=1488853636,kg,
samsung-galaxy-s6-white-pearl-32gb,"Samsung Galaxy S6, White Pearl 32GB","<p>The main compartment of our bag is made using only two large pieces of 100% full-grain boot leather. Two outside pockets for quick access to gear. Shoulder straps are adjustable from both ends and flair out at the bottom to accommodate all body types. Rivets at all stress points. The main compartment of our bag is made using only two large pieces of 100% full-grain boot leather. Two outside pockets for quick access to gear. Shoulder straps are adjustable from both ends and flair out at the bottom to accommodate all body types. Rivets at all stress points</p>
<p>[lang2]</p>
<p>Le compartiment principal de notre sac est fabriqué à l'aide de deux gros morceaux de 100% cuir de démarrage pleine fleur. Deux poches extérieures pour un accès rapide aux engins. Les bretelles sont réglables des deux extrémités et Flair au fond pour accueillir tous les types de corps. Rivets à tous les points de stress. Le compartiment principal de notre sac est fabriqué à l'aide de deux gros morceaux de 100% cuir de démarrage pleine fleur. Deux poches extérieures pour un accès rapide aux engins. Les bretelles sont réglables des deux extrémités et Flair au fond pour accueillir tous les types de corps. Rivets à tous les points de stress</p>",mr.bara-01,"","0 - 49$, Beige, Gray, XS",true,Size,xs,Color,Gray,,,#ABC123456,0,,1,deny,manual,25.00,,true,true,"",https://cdn.shopify.com/s/files/1/1679/8537/products/q1.jpg?v=1488854528,1,,false,,,,,,,,,,,,,,,,https://cdn.shopify.com/s/files/1/1679/8537/products/q1.jpg?v=1488854528,kg,
samsung-galaxy-s6-white-pearl-32gb,,,,,,,,xs,,Beige,,,#ABC123455,0,,1,deny,manual,25.00,,true,true,"",https://cdn.shopify.com/s/files/1/1679/8537/products/q2.jpg?v=1488854530,2,,,,,,,,,,,,,,,,,,https://cdn.shopify.com/s/files/1/1679/8537/products/q2.jpg?v=1488854530,kg,
samsung-galaxy-s6-white-pearl-32gb,,,,,,,,L,,Gray,,,#ABC12,0,,1,deny,manual,25.00,,true,true,"",https://cdn.shopify.com/s/files/1/1679/8537/products/q3.jpg?v=1488854531,3,,,,,,,,,,,,,,,,,,https://cdn.shopify.com/s/files/1/1679/8537/products/q3.jpg?v=1488854531,kg,
samsung-galaxy-s6-white-pearl-32gb,,,,,,,,L,,Beige,,,#ABC123,0,,1,deny,manual,25.00,,true,true,"",https://cdn.shopify.com/s/files/1/1679/8537/products/q4.jpg?v=1488854532,4,,,,,,,,,,,,,,,,,,https://cdn.shopify.com/s/files/1/1679/8537/products/q4.jpg?v=1488854532,kg,
